page,name,symptomLabel
https://fr.wikipedia.org/wiki/Variole,Variole,fatigue
https://fr.wikipedia.org/wiki/Maladie_de_Crohn,Maladie de Crohn,fatigue
https://fr.wikipedia.org/wiki/Maladie_d%27Addison,Maladie d'Addison,fatigue
https://fr.wikinews.org/wiki/Cat%C3%A9gorie:Dengue,Catégorie:Dengue,céphalée
https://fr.wikipedia.org/wiki/Dengue,Dengue,céphalée
https://fr.wikivoyage.org/wiki/Dengue,Dengue,céphalée
https://fr.wikipedia.org/wiki/Variole,Variole,céphalée
https://fr.wikipedia.org/wiki/Paludisme,Paludisme,anémie
https://fr.wikivoyage.org/wiki/Malaria,Malaria,anémie
https://fr.wikipedia.org/wiki/Rage_(maladie),Rage (maladie),céphalée
https://fr.wikivoyage.org/wiki/Rage,Rage,céphalée
https://fr.wikipedia.org/wiki/Variole,Variole,phlyctène
https://fr.wikipedia.org/wiki/Trouble_bipolaire,Trouble bipolaire,fatigue
https://fr.wikiversity.org/wiki/Trouble_bipolaire,Trouble bipolaire,fatigue
https://fr.wikipedia.org/wiki/Coqueluche,Coqueluche,fatigue
https://fr.wikipedia.org/wiki/Leuc%C3%A9mie_aig%C3%BCe_my%C3%A9lo%C3%AFde,Leucémie aigüe myéloïde,anémie
https://fr.wikipedia.org/wiki/Fasciolose,Fasciolose,anémie
https://fr.wikipedia.org/wiki/Maladie_d%27Addison,Maladie d'Addison,faiblesse musculaire
https://fr.wikipedia.org/wiki/Chol%C3%A9ra,Choléra,hypotension artérielle
https://fr.wikipedia.org/wiki/Peste,Peste,céphalée
https://fr.wikipedia.org/wiki/Rhinite,Rhinite,céphalée
https://fr.wikipedia.org/wiki/L%C3%A9gionellose,Légionellose,céphalée
https://fr.wikipedia.org/wiki/Leptospirose,Leptospirose,céphalée
https://fr.wikipedia.org/wiki/Migraine,Migraine,céphalée
https://fr.wikipedia.org/wiki/Cancer_du_poumon,Cancer du poumon,fatigue
https://fr.wikipedia.org/wiki/Loase,Loase,œdème
https://fr.wikipedia.org/wiki/Dystrophie_facio-scapulo-hum%C3%A9rale,Dystrophie facio-scapulo-humérale,cécité
https://fr.wikipedia.org/wiki/Onchocercose,Onchocercose,cécité
https://fr.wikipedia.org/wiki/M%C3%A9lanome_de_la_choro%C3%AFde,Mélanome de la choroïde,cécité
https://fr.wikipedia.org/wiki/Toxocarose,Toxocarose,cécité
https://fr.wikinews.org/wiki/Cat%C3%A9gorie:Dengue,Catégorie:Dengue,fatigue
https://fr.wikipedia.org/wiki/Dengue,Dengue,fatigue
https://fr.wikivoyage.org/wiki/Dengue,Dengue,fatigue
https://fr.wikipedia.org/wiki/Rub%C3%A9ole,Rubéole,fatigue
https://fr.wikivoyage.org/wiki/Chol%C3%A9ra,Choléra,hypotension artérielle
https://fr.wikipedia.org/wiki/M%C3%A9ningite,Méningite,céphalée
https://fr.wikipedia.org/wiki/Enc%C3%A9phalite_%C3%A0_tiques,Encéphalite à tiques,coma
https://fr.wikipedia.org/wiki/Fibromyalgie,Fibromyalgie,anxiété
https://fr.wikipedia.org/wiki/Maladie_de_Parkinson,Maladie de Parkinson,anomalie de la démarche
https://fr.wikipedia.org/wiki/Trouble_bipolaire,Trouble bipolaire,aphasie
https://fr.wikiversity.org/wiki/Trouble_bipolaire,Trouble bipolaire,aphasie
https://fr.wikipedia.org/wiki/Peste,Peste,syndrome confusionnel
https://fr.wikipedia.org/wiki/D%C3%A9pression_(psychiatrie),Dépression (psychiatrie),fatigue
https://fr.wikinews.org/wiki/Cat%C3%A9gorie:Paludisme,Catégorie:Paludisme,anémie
https://fr.wikipedia.org/wiki/Syndrome_de_Kallmann,Syndrome de Kallmann,ostéoporose
https://fr.wikipedia.org/wiki/Fi%C3%A8vre_Q,Fièvre Q,céphalée
https://fr.wikipedia.org/wiki/Algie_vasculaire_de_la_face,Algie vasculaire de la face,céphalée
https://fr.wikipedia.org/wiki/H%C3%A9patite_C,Hépatite C,fatigue
https://fr.wikipedia.org/wiki/Syndrome_du_d%C3%A9calage_horaire,Syndrome du décalage horaire,céphalée
https://fr.wikipedia.org/wiki/Zona,Zona,céphalée
https://fr.wikipedia.org/wiki/Varicelle,Varicelle,céphalée
https://fr.wikipedia.org/wiki/Rougeole,Rougeole,conjonctivite
https://fr.wikipedia.org/wiki/Maladie_de_Willebrand,Maladie de Willebrand,hémorragie
https://fr.wikipedia.org/wiki/Maladie_%C3%A0_virus_Zika,Maladie à virus Zika,conjonctivite
https://fr.wikipedia.org/wiki/Fi%C3%A8vre_typho%C3%AFde,Fièvre typhoïde,fatigue
https://fr.wikivoyage.org/wiki/Typho%C3%AFde,Typhoïde,fatigue
https://fr.wikipedia.org/wiki/Polymyosite,Polymyosite,faiblesse musculaire
https://fr.wikipedia.org/wiki/Paralysie_p%C3%A9riodique_hypokali%C3%A9mique,Paralysie périodique hypokaliémique,faiblesse musculaire
https://fr.wikipedia.org/wiki/Maladie_de_Charcot-Marie-Tooth,Maladie de Charcot-Marie-Tooth,faiblesse musculaire
https://fr.wikipedia.org/wiki/Fi%C3%A8vre_jaune,Fièvre jaune,céphalée
https://fr.wikivoyage.org/wiki/Fi%C3%A8vre_jaune,Fièvre jaune,céphalée
https://fr.wikipedia.org/wiki/Maladie_du_sommeil,Maladie du sommeil,anémie
https://fr.wikivoyage.org/wiki/Maladie_du_sommeil,Maladie du sommeil,anémie
https://fr.wikipedia.org/wiki/Fi%C3%A8vre_typho%C3%AFde,Fièvre typhoïde,céphalée
https://fr.wikivoyage.org/wiki/Typho%C3%AFde,Typhoïde,céphalée
https://fr.wikipedia.org/wiki/Poliomy%C3%A9lite,Poliomyélite,faiblesse musculaire
https://fr.wikipedia.org/wiki/Leuc%C3%A9mie_aigu%C3%AB_lymphoblastique,Leucémie aiguë lymphoblastique,fatigue
https://fr.wikipedia.org/wiki/Brucellose,Brucellose,fatigue
https://fr.wikipedia.org/wiki/Varicelle,Varicelle,fatigue
https://fr.wikipedia.org/wiki/Fi%C3%A8vre_jaune,Fièvre jaune,fatigue
https://fr.wikivoyage.org/wiki/Fi%C3%A8vre_jaune,Fièvre jaune,fatigue
https://fr.wikipedia.org/wiki/Dystrophie_myotonique_de_Steinert,Dystrophie myotonique de Steinert,faiblesse musculaire
https://fr.wikipedia.org/wiki/Dystrophie_musculaire_d%27Emery-Dreifuss,Dystrophie musculaire d'Emery-Dreifuss,faiblesse musculaire
https://fr.wikipedia.org/wiki/Dystrophie_facio-scapulo-hum%C3%A9rale,Dystrophie facio-scapulo-humérale,faiblesse musculaire
https://fr.wikipedia.org/wiki/Myopathie_de_Duchenne,Myopathie de Duchenne,faiblesse musculaire
https://fr.wikipedia.org/wiki/Dystrophie_musculaire_des_ceintures,Dystrophie musculaire des ceintures,faiblesse musculaire
https://fr.wikipedia.org/wiki/Syndrome_de_Marfan,Syndrome de Marfan,Pectus carinatum
https://fr.wikipedia.org/wiki/Leuc%C3%A9mie_aig%C3%BCe_my%C3%A9lo%C3%AFde,Leucémie aigüe myéloïde,hémorragie
https://fr.wikinews.org/wiki/Cat%C3%A9gorie:SIDA,Catégorie:SIDA,adénopathie
https://fr.wikipedia.org/wiki/Syndrome_d%27immunod%C3%A9ficience_acquise,Syndrome d'immunodéficience acquise,adénopathie
https://fr.wikipedia.org/wiki/T%C3%A9tanos,Tétanos,céphalée
https://fr.wikipedia.org/wiki/Maladie_de_Lyme,Maladie de Lyme,fatigue
https://fr.wikivoyage.org/wiki/Maladie_de_Lyme,Maladie de Lyme,fatigue
https://fr.wikipedia.org/wiki/Syndrome_du_d%C3%A9calage_horaire,Syndrome du décalage horaire,fatigue
https://fr.wikipedia.org/wiki/Maladie_de_Lyme,Maladie de Lyme,céphalée
https://fr.wikivoyage.org/wiki/Maladie_de_Lyme,Maladie de Lyme,céphalée
https://fr.wikipedia.org/wiki/Maladie_du_sommeil,Maladie du sommeil,céphalée
https://fr.wikivoyage.org/wiki/Maladie_du_sommeil,Maladie du sommeil,céphalée
https://fr.wikipedia.org/wiki/Leptospirose,Leptospirose,coagulation intravasculaire disséminée
https://fr.wikipedia.org/wiki/Brucellose,Brucellose,adénopathie
https://fr.wikipedia.org/wiki/Trouble_de_stress_post-traumatique,Trouble de stress post-traumatique,anxiété
https://fr.wikinews.org/wiki/Cat%C3%A9gorie:Dengue,Catégorie:Dengue,adénopathie
https://fr.wikipedia.org/wiki/Dengue,Dengue,adénopathie
https://fr.wikivoyage.org/wiki/Dengue,Dengue,adénopathie
https://fr.wikipedia.org/wiki/Infection_%C3%A0_virus_Nipah,Infection à virus Nipah,céphalée
https://fr.wikipedia.org/wiki/Syndrome_pr%C3%A9menstruel,Syndrome prémenstruel,fatigue
https://fr.wikipedia.org/wiki/Enc%C3%A9phalite_%C3%A0_tiques,Encéphalite à tiques,fatigue
https://fr.wikipedia.org/wiki/Leuc%C3%A9mie_aig%C3%BCe_my%C3%A9lo%C3%AFde,Leucémie aigüe myéloïde,fatigue
https://fr.wikipedia.org/wiki/Intol%C3%A9rance_au_lactose,Intolérance au lactose,flatulence
https://fr.wikipedia.org/wiki/Syndrome_de_Pearson,Syndrome de Pearson,anémie
https://fr.wikipedia.org/wiki/Syndrome_de_Lasth%C3%A9nie_de_Ferjol,Syndrome de Lasthénie de Ferjol,anémie
https://fr.wikipedia.org/wiki/Cataracte_(maladie),Cataracte (maladie),diplopie
https://fr.wikipedia.org/wiki/Botulisme,Botulisme,diplopie
https://fr.wikipedia.org/wiki/H%C3%A9patite,Hépatite,anorexie
https://fr.wikipedia.org/wiki/Syndrome_pr%C3%A9menstruel,Syndrome prémenstruel,céphalée
https://fr.wikipedia.org/wiki/Syndrome_de_fatigue_chronique,Syndrome de fatigue chronique,céphalée
https://fr.wikipedia.org/wiki/Rougeole,Rougeole,anorexie
https://fr.wikipedia.org/wiki/Varicelle,Varicelle,anorexie
https://fr.wikipedia.org/wiki/Pneumonie_aigu%C3%AB,Pneumonie aiguë,toux
https://fr.wikipedia.org/wiki/Rougeole,Rougeole,adénopathie
https://fr.wikipedia.org/wiki/Pneumonie_aigu%C3%AB,Pneumonie aiguë,fièvre
https://fr.wikipedia.org/wiki/Maladie_d%27Addison,Maladie d'Addison,douleur abdominale
https://fr.wikipedia.org/wiki/Variole,Variole,douleur abdominale
https://fr.wikipedia.org/wiki/Chol%C3%A9ra,Choléra,diarrhée
https://fr.wikivoyage.org/wiki/Chol%C3%A9ra,Choléra,diarrhée
https://fr.wikipedia.org/wiki/Brucellose,Brucellose,anorexie
https://fr.wikipedia.org/wiki/Maladie_%C3%A0_virus_Zika,Maladie à virus Zika,céphalée
https://fr.wikipedia.org/wiki/Maladie_de_Crohn,Maladie de Crohn,anorexie
https://fr.wikipedia.org/wiki/Paralysie_p%C3%A9riodique_hyperkali%C3%A9mique,Paralysie périodique hyperkaliémique,faiblesse musculaire
https://fr.wikipedia.org/wiki/Bab%C3%A9siose,Babésiose,fatigue
https://fr.wikipedia.org/wiki/Enc%C3%A9phalite_japonaise,Encéphalite japonaise,fatigue
https://fr.wikivoyage.org/wiki/Enc%C3%A9phalite_japonaise,Encéphalite japonaise,fatigue
https://fr.wikipedia.org/wiki/Syndrome_du_QT_court,Syndrome du QT court,fatigue
https://fr.wikipedia.org/wiki/Fi%C3%A8vre_h%C3%A9morragique_d%27Argentine,Fièvre hémorragique d'Argentine,fatigue
https://fr.wikipedia.org/wiki/Infarctus_du_myocarde,Infarctus du myocarde,angine de poitrine
https://fr.wikipedia.org/wiki/Dystrophie_myotonique_de_Steinert,Dystrophie myotonique de Steinert,cardiomyopathie
https://fr.wikipedia.org/wiki/Myopathie_de_Duchenne,Myopathie de Duchenne,cardiomyopathie
https://fr.wikipedia.org/wiki/Toxocarose,Toxocarose,adénopathie
https://fr.wikipedia.org/wiki/Bab%C3%A9siose,Babésiose,céphalée
https://fr.wikipedia.org/wiki/Enc%C3%A9phalite_japonaise,Encéphalite japonaise,céphalée
https://fr.wikivoyage.org/wiki/Enc%C3%A9phalite_japonaise,Encéphalite japonaise,céphalée
https://fr.wikipedia.org/wiki/Paratypho%C3%AFde,Paratyphoïde,céphalée
https://fr.wikipedia.org/wiki/Maladie_de_Crohn,Maladie de Crohn,constipation
https://fr.wikipedia.org/wiki/Maladie_de_Crohn,Maladie de Crohn,douleur abdominale
https://fr.wikipedia.org/wiki/Thrombose_veineuse_c%C3%A9r%C3%A9brale,Thrombose veineuse cérébrale,convulsion
https://fr.wikipedia.org/wiki/Cancer_du_poumon,Cancer du poumon,anorexie
https://fr.wikipedia.org/wiki/Infarctus_du_myocarde,Infarctus du myocarde,nausée
https://fr.wikipedia.org/wiki/Enc%C3%A9phalite_%C3%A0_tiques,Encéphalite à tiques,céphalée
https://fr.wikipedia.org/wiki/Intoxication_au_mercure,Intoxication au mercure,céphalée
https://fr.wikipedia.org/wiki/Campylobact%C3%A9riose,Campylobactériose,céphalée
https://fr.wikipedia.org/wiki/Intoxication_au_mercure,Intoxication au mercure,fatigue
https://fr.wikipedia.org/wiki/Appendicite,Appendicite,anorexie
https://fr.wikipedia.org/wiki/Toxoplasmose,Toxoplasmose,adénopathie
https://fr.wikipedia.org/wiki/Maladie_d%27Addison,Maladie d'Addison,anorexie
https://fr.wikipedia.org/wiki/H%C3%A9patite_B,Hépatite B,anorexie
https://fr.wikipedia.org/wiki/H%C3%A9patite_B,Hépatite B,hépatomégalie
https://fr.wikipedia.org/wiki/Rhinite,Rhinite,irritation nasale
https://fr.wikipedia.org/wiki/Maladie_de_Chagas,Maladie de Chagas,cardiomyopathie
https://fr.wikivoyage.org/wiki/Maladie_de_Chagas,Maladie de Chagas,cardiomyopathie
https://fr.wikipedia.org/wiki/Maladie_de_Fabry,Maladie de Fabry,fatigue
https://fr.wikipedia.org/wiki/Fibromyalgie,Fibromyalgie,fatigue
https://fr.wikipedia.org/wiki/Maladie_de_Kawasaki,Maladie de Kawasaki,adénopathie
https://fr.wikipedia.org/wiki/H%C3%A9patite_C,Hépatite C,anorexie
https://fr.wikipedia.org/wiki/Trouble_bipolaire,Trouble bipolaire,hypersexualité
https://fr.wikiversity.org/wiki/Trouble_bipolaire,Trouble bipolaire,hypersexualité
https://fr.wikinews.org/wiki/Cat%C3%A9gorie:Dengue,Catégorie:Dengue,nausée
https://fr.wikipedia.org/wiki/Dengue,Dengue,nausée
https://fr.wikivoyage.org/wiki/Dengue,Dengue,nausée
https://fr.wikipedia.org/wiki/Leuc%C3%A9mie,Leucémie,angine de poitrine
https://fr.wikipedia.org/wiki/Intoxication_au_mercure,Intoxication au mercure,dermite de contact
https://fr.wikipedia.org/wiki/Paralysie_p%C3%A9riodique_hypokali%C3%A9mique,Paralysie périodique hypokaliémique,hypokaliémie
https://fr.wikipedia.org/wiki/Syndrome_de_Klinefelter,Syndrome de Klinefelter,azoospermie
https://fr.wikipedia.org/wiki/Paludisme,Paludisme,hépatomégalie
https://fr.wikivoyage.org/wiki/Malaria,Malaria,hépatomégalie
https://fr.wikipedia.org/wiki/Maladie_de_Crohn,Maladie de Crohn,fièvre
https://fr.wikipedia.org/wiki/Maladie_de_Crohn,Maladie de Crohn,diarrhée
https://fr.wikipedia.org/wiki/Pneumothorax,Pneumothorax,fatigue
https://fr.wikipedia.org/wiki/Syndrome_de_fatigue_chronique,Syndrome de fatigue chronique,fatigue
https://fr.wikipedia.org/wiki/Ehrlichiose,Ehrlichiose,fatigue
https://fr.wikipedia.org/wiki/Humeur_d%C3%A9pressive,Humeur dépressive,fatigue
https://fr.wikiquote.org/wiki/D%C3%A9pression,Dépression,fatigue
https://fr.wikipedia.org/wiki/H%C3%A9patite_B,Hépatite B,nausée
https://fr.wikinews.org/wiki/Cat%C3%A9gorie:SIDA,Catégorie:SIDA,fièvre
https://fr.wikipedia.org/wiki/Syndrome_d%27immunod%C3%A9ficience_acquise,Syndrome d'immunodéficience acquise,fièvre
https://fr.wikipedia.org/wiki/Appendicite,Appendicite,douleur abdominale
https://fr.wikipedia.org/wiki/D%C3%A9ficience_NGLY1,Déficience NGLY1,chalazion
https://fr.wikipedia.org/wiki/Syndrome_de_Timothy,Syndrome de Timothy,fibrillation ventriculaire
https://fr.wikinews.org/wiki/Cat%C3%A9gorie:SIDA,Catégorie:SIDA,diarrhée
https://fr.wikipedia.org/wiki/Syndrome_d%27immunod%C3%A9ficience_acquise,Syndrome d'immunodéficience acquise,diarrhée
https://fr.wikipedia.org/wiki/Trouble_obsessionnel_compulsif,Trouble obsessionnel compulsif,compulsion
https://fr.wikipedia.org/wiki/An%C3%A9vrisme_intracr%C3%A2nien,Anévrisme intracrânien,diplopie
https://fr.wikipedia.org/wiki/Syndrome_de_s%C3%A9cr%C3%A9tion_inappropri%C3%A9e_d%27hormone_anti-diur%C3%A9tique,Syndrome de sécrétion inappropriée d'hormone anti-diurétique,hyponatrémie
https://fr.wikipedia.org/wiki/Enc%C3%A9phalite_japonaise,Encéphalite japonaise,raideur de la nuque
https://fr.wikivoyage.org/wiki/Enc%C3%A9phalite_japonaise,Encéphalite japonaise,raideur de la nuque
https://fr.wikipedia.org/wiki/Cancer_du_pancr%C3%A9as,Cancer du pancréas,anorexie
https://fr.wikipedia.org/wiki/Leuc%C3%A9mie_aig%C3%BCe_my%C3%A9lo%C3%AFde,Leucémie aigüe myéloïde,anorexie
https://fr.wikipedia.org/wiki/Leuc%C3%A9mie_aigu%C3%AB_lymphoblastique,Leucémie aiguë lymphoblastique,anorexie
https://fr.wikipedia.org/wiki/CADASIL,CADASIL,céphalée
https://fr.wikipedia.org/wiki/Ehrlichiose,Ehrlichiose,céphalée
https://fr.wikipedia.org/wiki/C%C3%A9phal%C3%A9e_de_tension,Céphalée de tension,céphalée
https://fr.wikipedia.org/wiki/Toxocarose,Toxocarose,céphalée
https://fr.wikipedia.org/wiki/Fi%C3%A8vre_h%C3%A9morragique_d%27Argentine,Fièvre hémorragique d'Argentine,céphalée
https://fr.wikipedia.org/wiki/Thrombose_veineuse_c%C3%A9r%C3%A9brale,Thrombose veineuse cérébrale,céphalée
https://fr.wikipedia.org/wiki/Fi%C3%A8vre_typho%C3%AFde,Fièvre typhoïde,hépatomégalie
https://fr.wikivoyage.org/wiki/Typho%C3%AFde,Typhoïde,hépatomégalie
https://fr.wikipedia.org/wiki/Fi%C3%A8vre_typho%C3%AFde,Fièvre typhoïde,hémorragie digestive
https://fr.wikivoyage.org/wiki/Typho%C3%AFde,Typhoïde,hémorragie digestive
https://fr.wikipedia.org/wiki/Polyarthrite_rhumato%C3%AFde,Polyarthrite rhumatoïde,douleur musculo-squelettique secondaire chronique
https://fr.wikiversity.org/wiki/Polyarthrite_rhumato%C3%AFde,Polyarthrite rhumatoïde,douleur musculo-squelettique secondaire chronique
https://fr.wikipedia.org/wiki/H%C3%A9patite_C,Hépatite C,douleur abdominale
https://fr.wikipedia.org/wiki/H%C3%A9patite_C,Hépatite C,nausée
https://fr.wikipedia.org/wiki/Maladie_d%27Alzheimer,Maladie d'Alzheimer,difficultés à interpréter les images et évaluer les distances
https://fr.wikiquote.org/wiki/Maladie_d%27Alzheimer,Maladie d'Alzheimer,difficultés à interpréter les images et évaluer les distances
https://fr.wikipedia.org/wiki/Maladie_d%27Alzheimer,Maladie d'Alzheimer,objets égarés et perte de la capacité à reconstituer un parcours
https://fr.wikiquote.org/wiki/Maladie_d%27Alzheimer,Maladie d'Alzheimer,objets égarés et perte de la capacité à reconstituer un parcours
https://fr.wikipedia.org/wiki/Maladie_d%27Alzheimer,Maladie d'Alzheimer,perte de mémoire qui perturbe la vie quotidienne
https://fr.wikiquote.org/wiki/Maladie_d%27Alzheimer,Maladie d'Alzheimer,perte de mémoire qui perturbe la vie quotidienne
https://fr.wikipedia.org/wiki/Maladie_d%27Alzheimer,Maladie d'Alzheimer,désorientation dans le temps et dans l’espace
https://fr.wikiquote.org/wiki/Maladie_d%27Alzheimer,Maladie d'Alzheimer,désorientation dans le temps et dans l’espace
https://fr.wikipedia.org/wiki/Maladie_d%27Alzheimer,Maladie d'Alzheimer,difficulté à planifier ou à résoudre des problèmes
https://fr.wikiquote.org/wiki/Maladie_d%27Alzheimer,Maladie d'Alzheimer,difficulté à planifier ou à résoudre des problèmes
https://fr.wikipedia.org/wiki/Maladie_d%27Alzheimer,Maladie d'Alzheimer,"difficulté à exécuter les tâches familières à la maison, au travail ou durant les loisirs"
https://fr.wikiquote.org/wiki/Maladie_d%27Alzheimer,Maladie d'Alzheimer,"difficulté à exécuter les tâches familières à la maison, au travail ou durant les loisirs"
https://fr.wikipedia.org/wiki/Maladie_d%27Alzheimer,Maladie d'Alzheimer,problèmes d'expression orale ou écrite
https://fr.wikiquote.org/wiki/Maladie_d%27Alzheimer,Maladie d'Alzheimer,problèmes d'expression orale ou écrite
https://fr.wikipedia.org/wiki/Maladie_d%27Alzheimer,Maladie d'Alzheimer,altération du jugement
https://fr.wikiquote.org/wiki/Maladie_d%27Alzheimer,Maladie d'Alzheimer,altération du jugement
https://fr.wikipedia.org/wiki/Maladie_d%27Alzheimer,Maladie d'Alzheimer,changements d'humeur et de la personnalité
https://fr.wikiquote.org/wiki/Maladie_d%27Alzheimer,Maladie d'Alzheimer,changements d'humeur et de la personnalité
https://fr.wikipedia.org/wiki/Maladie_d%27Alzheimer,Maladie d'Alzheimer,désengagement du travail ou des activités sociales
https://fr.wikiquote.org/wiki/Maladie_d%27Alzheimer,Maladie d'Alzheimer,désengagement du travail ou des activités sociales
https://fr.wikipedia.org/wiki/Fi%C3%A8vre_typho%C3%AFde,Fièvre typhoïde,constipation
https://fr.wikivoyage.org/wiki/Typho%C3%AFde,Typhoïde,constipation
https://fr.wikipedia.org/wiki/Pseudo-polyarthrite_rhizom%C3%A9lique,Pseudo-polyarthrite rhizomélique,douleur musculo-squelettique secondaire chronique
https://fr.wikipedia.org/wiki/Tuberculose,Tuberculose,toux
https://fr.wikivoyage.org/wiki/Tuberculose,Tuberculose,toux
https://fr.wikipedia.org/wiki/Leptospirose,Leptospirose,myocardite
https://fr.wikipedia.org/wiki/M%C3%A9ningite,Méningite,nausée
https://fr.wikipedia.org/wiki/Trouble_bipolaire,Trouble bipolaire,manie
https://fr.wikiversity.org/wiki/Trouble_bipolaire,Trouble bipolaire,manie
https://fr.wikipedia.org/wiki/Brucellose,Brucellose,arthrite
https://fr.wikipedia.org/wiki/Tuberculose,Tuberculose,fièvre
https://fr.wikivoyage.org/wiki/Tuberculose,Tuberculose,fièvre
https://fr.wikipedia.org/wiki/Goutte_(maladie),Goutte (maladie),hydarthrose
https://fr.wikipedia.org/wiki/Hypertension_portale,Hypertension portale,Télangiectasie
https://fr.wikipedia.org/wiki/Bab%C3%A9siose,Babésiose,anorexie
https://fr.wikipedia.org/wiki/Intoxication_au_mercure,Intoxication au mercure,anorexie
https://fr.wikipedia.org/wiki/H%C3%A9patite,Hépatite,douleur abdominale
https://fr.wikipedia.org/wiki/Rage_(maladie),Rage (maladie),irritabilité
https://fr.wikivoyage.org/wiki/Rage,Rage,irritabilité
https://fr.wikipedia.org/wiki/Hyperthermie_maligne,Hyperthermie maligne,hyperthermie
https://fr.wikipedia.org/wiki/Peste,Peste,choc circulatoire
https://fr.wikinews.org/wiki/Cat%C3%A9gorie:Paludisme,Catégorie:Paludisme,hépatomégalie
https://fr.wikipedia.org/wiki/Variole,Variole,fièvre
https://fr.wikipedia.org/wiki/L%C3%A8pre,Lèpre,contracture
https://fr.wikipedia.org/wiki/L%C3%A8pre,Lèpre,polyneuropathie
https://fr.wikipedia.org/wiki/L%C3%A8pre,Lèpre,microperforation
https://fr.wikipedia.org/wiki/L%C3%A8pre,Lèpre,fonte musculaire
https://fr.wikipedia.org/wiki/Brucellose,Brucellose,hépatomégalie
https://fr.wikipedia.org/wiki/Botulisme,Botulisme,rétention aiguë d'urine
https://fr.wikipedia.org/wiki/Botulisme,Botulisme,météorisme abdominal
https://fr.wikipedia.org/wiki/Dipht%C3%A9rie,Diphtérie,insuffisance cardiaque
https://fr.wikipedia.org/wiki/Dipht%C3%A9rie,Diphtérie,angine
https://fr.wikipedia.org/wiki/Rage_(maladie),Rage (maladie),hyperactivité
https://fr.wikivoyage.org/wiki/Rage,Rage,hyperactivité
https://fr.wikipedia.org/wiki/Gastro-ent%C3%A9rite,Gastro-entérite,douleur abdominale
https://fr.wikipedia.org/wiki/Gastro-ent%C3%A9rite,Gastro-entérite,nausée
https://fr.wikipedia.org/wiki/Botulisme,Botulisme,constipation
https://fr.wikipedia.org/wiki/Syndrome_du_d%C3%A9calage_horaire,Syndrome du décalage horaire,trouble du sommeil
https://fr.wikipedia.org/wiki/Maladie_de_Lyme,Maladie de Lyme,encéphalomyélite
https://fr.wikivoyage.org/wiki/Maladie_de_Lyme,Maladie de Lyme,encéphalomyélite
https://fr.wikipedia.org/wiki/Scarlatine,Scarlatine,douleur abdominale
https://fr.wikipedia.org/wiki/Leuc%C3%A9mie_aigu%C3%AB_lymphoblastique,Leucémie aiguë lymphoblastique,douleur abdominale
https://fr.wikipedia.org/wiki/Varicelle,Varicelle,fièvre
https://fr.wikipedia.org/wiki/Maladie_de_Lyme,Maladie de Lyme,cardiomyopathie hypertrophique
https://fr.wikivoyage.org/wiki/Maladie_de_Lyme,Maladie de Lyme,cardiomyopathie hypertrophique
https://fr.wikipedia.org/wiki/Maladie_de_Lyme,Maladie de Lyme,fasciculation
https://fr.wikivoyage.org/wiki/Maladie_de_Lyme,Maladie de Lyme,fasciculation
https://fr.wikipedia.org/wiki/Fi%C3%A8vre_Q,Fièvre Q,douleur abdominale
https://fr.wikipedia.org/wiki/Fi%C3%A8vre_Q,Fièvre Q,nausée
https://fr.wikipedia.org/wiki/Rougeole,Rougeole,toux
https://fr.wikipedia.org/wiki/T%C3%A9tanos,Tétanos,fièvre
https://fr.wikipedia.org/wiki/Spondylarthrite_ankylosante,Spondylarthrite ankylosante,douleur musculo-squelettique secondaire chronique
https://fr.wikipedia.org/wiki/Cancer_du_poumon,Cancer du poumon,toux
https://fr.wikipedia.org/wiki/Rougeole,Rougeole,diarrhée
https://fr.wikipedia.org/wiki/Rougeole,Rougeole,fièvre
https://fr.wikipedia.org/wiki/Rhinite,Rhinite,éternuement
https://fr.wikipedia.org/wiki/Coqueluche,Coqueluche,toux
https://fr.wikinews.org/wiki/Cat%C3%A9gorie:Paludisme,Catégorie:Paludisme,fièvre intermittente
https://fr.wikinews.org/wiki/Cat%C3%A9gorie:Paludisme,Catégorie:Paludisme,fièvre périodique
https://fr.wikipedia.org/wiki/Dipht%C3%A9rie,Diphtérie,toux aboyante
https://fr.wikipedia.org/wiki/Maladie_de_Lyme,Maladie de Lyme,arthrite
https://fr.wikivoyage.org/wiki/Maladie_de_Lyme,Maladie de Lyme,arthrite
https://fr.wikipedia.org/wiki/Paludisme,Paludisme,fièvre intermittente
https://fr.wikivoyage.org/wiki/Malaria,Malaria,fièvre intermittente
https://fr.wikipedia.org/wiki/Paludisme,Paludisme,fièvre périodique
https://fr.wikivoyage.org/wiki/Malaria,Malaria,fièvre périodique
https://fr.wikipedia.org/wiki/Coqueluche,Coqueluche,fièvre
https://fr.wikipedia.org/wiki/Maladie_de_Lyme,Maladie de Lyme,myocardite
https://fr.wikivoyage.org/wiki/Maladie_de_Lyme,Maladie de Lyme,myocardite
https://fr.wikipedia.org/wiki/Infection_urinaire,Infection urinaire,douleur abdominale
https://fr.wikipedia.org/wiki/Trouble_de_la_personnalit%C3%A9_borderline,Trouble de la personnalité borderline,impulsivité
https://fr.wikipedia.org/wiki/Maladie_de_Willebrand,Maladie de Willebrand,hémorragie  intra-cérébrale
https://fr.wikipedia.org/wiki/Maladie_de_Willebrand,Maladie de Willebrand,hémorragie digestive
https://fr.wikipedia.org/wiki/Croup,Croup,stridor
https://fr.wikipedia.org/wiki/Cancer_du_foie,Cancer du foie,hépatomégalie
https://fr.wikipedia.org/wiki/Syndrome_d%27Eagle,Syndrome d'Eagle,otalgie
https://fr.wikipedia.org/wiki/T%C3%A9tanie,Tétanie,contractures tétaniques
https://fr.wikipedia.org/wiki/Trouble_du_d%C3%A9ficit_de_l%27attention_avec_ou_sans_hyperactivit%C3%A9,Trouble du déficit de l'attention avec ou sans hyperactivité,impulsivité
https://fr.wikipedia.org/wiki/Ulc%C3%A8re_gastro-duod%C3%A9nal,Ulcère gastro-duodénal,Hématémèse
https://fr.wikipedia.org/wiki/Leptospirose,Leptospirose,fièvre
https://fr.wikipedia.org/wiki/Syndrome_de_Marfan,Syndrome de Marfan,scoliose
https://fr.wikipedia.org/wiki/M%C3%A9ningite,Méningite,syndrome méningé
https://fr.wikipedia.org/wiki/M%C3%A9ningite,Méningite,fièvre
https://fr.wikipedia.org/wiki/Zona,Zona,douleur abdominale
https://fr.wikipedia.org/wiki/Maladie_de_Beh%C3%A7et,Maladie de Behçet,érythème noueux
https://fr.wikipedia.org/wiki/Maladie_de_Charcot-Marie-Tooth,Maladie de Charcot-Marie-Tooth,hyporéflexie
https://fr.wikipedia.org/wiki/Maladie_de_Charcot-Marie-Tooth,Maladie de Charcot-Marie-Tooth,fonte musculaire
https://fr.wikipedia.org/wiki/Maladie_de_Charcot-Marie-Tooth,Maladie de Charcot-Marie-Tooth,pied creux
https://fr.wikipedia.org/wiki/Maladie_de_Beh%C3%A7et,Maladie de Behçet,hypopion
https://fr.wikipedia.org/wiki/Peste,Peste,toux
https://fr.wikipedia.org/wiki/Peste,Peste,fièvre
https://fr.wikipedia.org/wiki/Shigellose,Shigellose,douleur abdominale
https://fr.wikipedia.org/wiki/Dracunculose,Dracunculose,nausée
https://fr.wikipedia.org/wiki/Rub%C3%A9ole,Rubéole,fièvre
https://fr.wikipedia.org/wiki/Intoxication_au_mercure,Intoxication au mercure,bronchite
https://fr.wikipedia.org/wiki/Gastro-ent%C3%A9rite,Gastro-entérite,fièvre
https://fr.wikipedia.org/wiki/Brucellose,Brucellose,fièvre continue
https://fr.wikipedia.org/wiki/Brucellose,Brucellose,fièvre ondulante
https://fr.wikipedia.org/wiki/Gastro-ent%C3%A9rite,Gastro-entérite,diarrhée
https://fr.wikipedia.org/wiki/Cancer_du_pancr%C3%A9as,Cancer du pancréas,douleur abdominale
https://fr.wikipedia.org/wiki/Intol%C3%A9rance_au_lactose,Intolérance au lactose,douleur abdominale
https://fr.wikipedia.org/wiki/Algie_vasculaire_de_la_face,Algie vasculaire de la face,irritabilité
https://fr.wikipedia.org/wiki/Fi%C3%A8vre_Q,Fièvre Q,fièvre
https://fr.wikipedia.org/wiki/Intol%C3%A9rance_au_lactose,Intolérance au lactose,nausée
https://fr.wikipedia.org/wiki/Fi%C3%A8vre_Q,Fièvre Q,diarrhée
https://fr.wikipedia.org/wiki/Salmonellose,Salmonellose,douleur abdominale
https://fr.wikivoyage.org/wiki/Salmonellose,Salmonellose,douleur abdominale
https://fr.wikipedia.org/wiki/Campylobact%C3%A9riose,Campylobactériose,douleur abdominale
https://fr.wikipedia.org/wiki/Maladie_de_Chagas,Maladie de Chagas,myocardite
https://fr.wikivoyage.org/wiki/Maladie_de_Chagas,Maladie de Chagas,myocardite
https://fr.wikipedia.org/wiki/Maladie_de_Chagas,Maladie de Chagas,hépatomégalie
https://fr.wikivoyage.org/wiki/Maladie_de_Chagas,Maladie de Chagas,hépatomégalie
https://fr.wikipedia.org/wiki/Paratypho%C3%AFde,Paratyphoïde,hépatomégalie
https://fr.wikipedia.org/wiki/Trichinose,Trichinose,douleur abdominale
https://fr.wikipedia.org/wiki/Chikungunya,Chikungunya,nausée
https://fr.wikivoyage.org/wiki/Chikungunya,Chikungunya,nausée
https://fr.wikipedia.org/wiki/Dipht%C3%A9rie,Diphtérie,fièvre
https://fr.wikipedia.org/wiki/Fi%C3%A8vre_typho%C3%AFde,Fièvre typhoïde,fièvre continue
https://fr.wikivoyage.org/wiki/Typho%C3%AFde,Typhoïde,fièvre continue
https://fr.wikipedia.org/wiki/Fi%C3%A8vre_Q,Fièvre Q,douleur musculo-squelettique secondaire chronique
https://fr.wikipedia.org/wiki/Maladie_de_Beh%C3%A7et,Maladie de Behçet,douleur abdominale
https://fr.wikipedia.org/wiki/Maladie_de_Beh%C3%A7et,Maladie de Behçet,arthrite
https://fr.wikipedia.org/wiki/Fi%C3%A8vre_jaune,Fièvre jaune,fièvre
https://fr.wikivoyage.org/wiki/Fi%C3%A8vre_jaune,Fièvre jaune,fièvre
https://fr.wikipedia.org/wiki/Syndrome_d%27Eagle,Syndrome d'Eagle,douleur de l'épaule
https://fr.wikipedia.org/wiki/H%C3%A9patite_C,Hépatite C,cancer
https://fr.wikipedia.org/wiki/Pentalogie_de_Cantrell,Pentalogie de Cantrell,Omphalocèle
https://fr.wikipedia.org/wiki/Dystrophie_myotonique_de_Steinert,Dystrophie myotonique de Steinert,fonte musculaire
https://fr.wikipedia.org/wiki/Hyperandrog%C3%A9nie,Hyperandrogénie,hirsutisme
https://fr.wikipedia.org/wiki/Fibromyalgie,Fibromyalgie,trouble du sommeil
https://fr.wikipedia.org/wiki/Colite_pseudomembraneuse,Colite pseudomembraneuse,constipation
https://fr.wikipedia.org/wiki/St%C3%A9nose_aortique,Sténose aortique,syncope
https://fr.wikipedia.org/wiki/Maladie_de_Lyme,Maladie de Lyme,fièvre
https://fr.wikivoyage.org/wiki/Maladie_de_Lyme,Maladie de Lyme,fièvre
https://fr.wikipedia.org/wiki/Enchondromatose,Enchondromatose,enchondrome
https://fr.wikipedia.org/wiki/Pachydermop%C3%A9riostose,Pachydermopériostose,hippocratisme digital
https://fr.wikipedia.org/wiki/Pentalogie_de_Cantrell,Pentalogie de Cantrell,Ectopie cardiaque
https://fr.wikipedia.org/wiki/Syndrome_de_Timothy,Syndrome de Timothy,troubles de la conduction cardiaque
https://fr.wikipedia.org/wiki/Maladie_des_exostoses_multiples,Maladie des exostoses multiples,exostose
https://fr.wikipedia.org/wiki/Syndrome_d%27Evans,Syndrome d'Evans,pétéchie
https://fr.wikipedia.org/wiki/L%C3%A9gionellose,Légionellose,toux
https://fr.wikipedia.org/wiki/St%C3%A9nose_aortique,Sténose aortique,angine de poitrine
https://fr.wikipedia.org/wiki/Colite_pseudomembraneuse,Colite pseudomembraneuse,douleur abdominale
https://fr.wikipedia.org/wiki/Syndrome_de_Pierre_Robin,Syndrome de Pierre Robin,glossoptose
https://fr.wikipedia.org/wiki/Syndrome_de_Timothy,Syndrome de Timothy,syncope
https://fr.wikipedia.org/wiki/Intol%C3%A9rance_au_lactose,Intolérance au lactose,diarrhée
https://fr.wikipedia.org/wiki/Colite_pseudomembraneuse,Colite pseudomembraneuse,nausée
https://fr.wikipedia.org/wiki/D%C3%A9ficience_NGLY1,Déficience NGLY1,scoliose
https://fr.wikipedia.org/wiki/D%C3%A9ficience_NGLY1,Déficience NGLY1,constipation
https://fr.wikipedia.org/wiki/D%C3%A9ficience_NGLY1,Déficience NGLY1,strabisme
https://fr.wikipedia.org/wiki/Ost%C3%A9oarthropathie_hypertrophiante_pneumique,Ostéoarthropathie hypertrophiante pneumique,hippocratisme digital
https://fr.wikipedia.org/wiki/Carcinome_h%C3%A9patocellulaire,Carcinome hépatocellulaire,hépatomégalie
https://fr.wikipedia.org/wiki/Toxocarose,Toxocarose,hépatomégalie
https://fr.wikipedia.org/wiki/D%C3%A9mence_%C3%A0_corps_de_Lewy,Démence à corps de Lewy,syndrome parkinsonien
https://fr.wikipedia.org/wiki/L%C3%A9gionellose,Légionellose,fièvre
https://fr.wikipedia.org/wiki/Reflux_gastro-%C5%93sophagien,Reflux gastro-œsophagien,douleur précordiale
https://fr.wikipedia.org/wiki/Reflux_gastro-%C5%93sophagien,Reflux gastro-œsophagien,régurgitation acide
https://fr.wikipedia.org/wiki/Enc%C3%A9phalite_%C3%A0_tiques,Encéphalite à tiques,syndrome méningé
https://fr.wikipedia.org/wiki/Paratypho%C3%AFde,Paratyphoïde,constipation
https://fr.wikipedia.org/wiki/Fibrillation_ventriculaire,Fibrillation ventriculaire,syncope
https://fr.wikipedia.org/wiki/Oreillons,Oreillons,fièvre
https://fr.wikipedia.org/wiki/Scarlatine,Scarlatine,fièvre
https://fr.wikipedia.org/wiki/Syndrome_de_Felty,Syndrome de Felty,fièvre intermittente
https://fr.wikipedia.org/wiki/Trouble_cognitif,Trouble cognitif,dysfonctionnement cognitif
https://fr.wikipedia.org/wiki/Fasciolose,Fasciolose,douleur abdominale
https://fr.wikipedia.org/wiki/Cancer_du_foie,Cancer du foie,douleur abdominale
https://fr.wikipedia.org/wiki/Angiocholite,Angiocholite,douleur abdominale
https://fr.wikipedia.org/wiki/Enc%C3%A9phalite_%C3%A0_tiques,Encéphalite à tiques,fièvre
https://fr.wikipedia.org/wiki/Salmonellose,Salmonellose,fièvre
https://fr.wikivoyage.org/wiki/Salmonellose,Salmonellose,fièvre
https://fr.wikipedia.org/wiki/Maladie_de_Fabry,Maladie de Fabry,nausée
https://fr.wikipedia.org/wiki/Maladie_du_sommeil,Maladie du sommeil,fièvre périodique
https://fr.wikivoyage.org/wiki/Maladie_du_sommeil,Maladie du sommeil,fièvre périodique
https://fr.wikipedia.org/wiki/Gale,Gale,fièvre
https://fr.wikipedia.org/wiki/Algie_vasculaire_de_la_face,Algie vasculaire de la face,congestion nasale
https://fr.wikipedia.org/wiki/Algie_vasculaire_de_la_face,Algie vasculaire de la face,transpiration animale
https://fr.wikipedia.org/wiki/Enc%C3%A9phalopathie_h%C3%A9patique,Encéphalopathie hépatique,fœtor hepaticus
https://fr.wikipedia.org/wiki/Syndrome_d%27Eagle,Syndrome d'Eagle,cervicalgie
https://fr.wikipedia.org/wiki/Croup,Croup,enrouement
https://fr.wikipedia.org/wiki/Rage_(maladie),Rage (maladie),arrêt respiratoire
https://fr.wikivoyage.org/wiki/Rage,Rage,arrêt respiratoire
https://fr.wikipedia.org/wiki/Cardiomyopathie_hypertrophique,Cardiomyopathie hypertrophique,insuffisance cardiaque
https://fr.wikipedia.org/wiki/Salmonellose,Salmonellose,diarrhée
https://fr.wikivoyage.org/wiki/Salmonellose,Salmonellose,diarrhée
https://fr.wikipedia.org/wiki/Oxyurose,Oxyurose,constipation
https://fr.wikipedia.org/wiki/Maladie_de_Wilson,Maladie de Wilson,modification de la personnalité
https://fr.wikipedia.org/wiki/H%C3%A9b%C3%A9phr%C3%A9no-catatonie,Hébéphréno-catatonie,catatonie agitée
https://fr.wikipedia.org/wiki/Tumeur_neuroendocrinienne,Tumeur neuroendocrinienne,douleur abdominale
https://fr.wikipedia.org/wiki/Oxyurose,Oxyurose,douleur abdominale
https://fr.wikipedia.org/wiki/Hyperthermie_maligne,Hyperthermie maligne,Acidose
https://fr.wikipedia.org/wiki/Infection_urinaire,Infection urinaire,fièvre
https://fr.wikipedia.org/wiki/Colite_pseudomembraneuse,Colite pseudomembraneuse,fièvre
https://fr.wikipedia.org/wiki/Angiocholite,Angiocholite,fièvre
https://fr.wikipedia.org/wiki/Campylobact%C3%A9riose,Campylobactériose,fièvre
https://fr.wikipedia.org/wiki/Dirofilariose,Dirofilariose,toux
https://fr.wikipedia.org/wiki/Dracunculose,Dracunculose,fièvre
https://fr.wikipedia.org/wiki/Dirofilariose,Dirofilariose,fièvre
https://fr.wikipedia.org/wiki/Trichinose,Trichinose,fièvre
https://fr.wikipedia.org/wiki/Leuc%C3%A9mie_aigu%C3%AB_lymphoblastique,Leucémie aiguë lymphoblastique,fièvre
https://fr.wikipedia.org/wiki/Zona,Zona,fièvre
https://fr.wikipedia.org/wiki/Shigellose,Shigellose,fièvre
https://fr.wikipedia.org/wiki/Diverticulite_du_sigmo%C3%AFde,Diverticulite du sigmoïde,fièvre
https://fr.wikipedia.org/wiki/Maladie_de_Charcot-Marie-Tooth,Maladie de Charcot-Marie-Tooth,scoliose
https://fr.wikipedia.org/wiki/Diverticulite_du_sigmo%C3%AFde,Diverticulite du sigmoïde,constipation
https://fr.wikipedia.org/wiki/Ulc%C3%A8re_gastro-duod%C3%A9nal,Ulcère gastro-duodénal,épigastralgie
https://fr.wikipedia.org/wiki/Vitiligo,Vitiligo,dépigmentation
https://fr.wikipedia.org/wiki/CADASIL,CADASIL,accident vasculaire cérébral
https://fr.wikipedia.org/wiki/Colite_pseudomembraneuse,Colite pseudomembraneuse,diarrhée
https://fr.wikipedia.org/wiki/Campylobact%C3%A9riose,Campylobactériose,diarrhée
https://fr.wikipedia.org/wiki/Purpura_rhumato%C3%AFde,Purpura rhumatoïde,douleur abdominale
https://fr.wikipedia.org/wiki/Diverticulite_du_sigmo%C3%AFde,Diverticulite du sigmoïde,douleur abdominale
https://fr.wikipedia.org/wiki/Purpura_rhumato%C3%AFde,Purpura rhumatoïde,arthrite
https://fr.wikipedia.org/wiki/Syndrome_de_Kallmann,Syndrome de Kallmann,infertilité
https://fr.wikipedia.org/wiki/Diverticulite_du_sigmo%C3%AFde,Diverticulite du sigmoïde,diarrhée
https://fr.wikipedia.org/wiki/Shigellose,Shigellose,diarrhée
https://fr.wikipedia.org/wiki/Paratypho%C3%AFde,Paratyphoïde,fièvre
https://fr.wikipedia.org/wiki/Fasciolose,Fasciolose,fièvre
https://fr.wikipedia.org/wiki/Balantidiase,Balantidiase,douleur abdominale
https://fr.wikipedia.org/wiki/Yersiniose,Yersiniose,douleur abdominale
https://fr.wikipedia.org/wiki/Trichoc%C3%A9phalose,Trichocéphalose,douleur abdominale
https://fr.wikipedia.org/wiki/Carcinome_h%C3%A9patocellulaire,Carcinome hépatocellulaire,douleur abdominale
https://fr.wikipedia.org/wiki/Toxocarose,Toxocarose,douleur abdominale
https://fr.wikipedia.org/wiki/Toxocarose,Toxocarose,myocardite
https://fr.wikipedia.org/wiki/Intoxication_au_mercure,Intoxication au mercure,diarrhée
https://fr.wikipedia.org/wiki/Maladie_de_Waldenstr%C3%B6m,Maladie de Waldenström,macroglobulinémie
https://fr.wikipedia.org/wiki/D%C3%A9ficience_NGLY1,Déficience NGLY1,mouvement involontaire
https://fr.wikipedia.org/wiki/D%C3%A9ficience_NGLY1,Déficience NGLY1,Hyperlactatémie
https://fr.wikipedia.org/wiki/Intoxication_au_mercure,Intoxication au mercure,irritabilité
https://fr.wikipedia.org/wiki/Intoxication_au_mercure,Intoxication au mercure,toux
https://fr.wikipedia.org/wiki/Infirmit%C3%A9_motrice_c%C3%A9r%C3%A9brale,Infirmité motrice cérébrale,rigidité musculaire
https://fr.wikipedia.org/wiki/Syndrome_de_Guillain-Barr%C3%A9,Syndrome de Guillain-Barré,paralysie ascendante
https://fr.wikipedia.org/wiki/Paratypho%C3%AFde,Paratyphoïde,diarrhée
https://fr.wikipedia.org/wiki/D%C3%A9ficience_NGLY1,Déficience NGLY1,retard global de développement
https://fr.wikipedia.org/wiki/D%C3%A9ficience_NGLY1,Déficience NGLY1,hypoplasie du pied
https://fr.wikipedia.org/wiki/D%C3%A9ficience_NGLY1,Déficience NGLY1,dysmorphie faciale
https://fr.wikipedia.org/wiki/D%C3%A9ficience_NGLY1,Déficience NGLY1,électroencéphalogramme  anormal
https://fr.wikipedia.org/wiki/Toxocarose,Toxocarose,toux
https://fr.wikipedia.org/wiki/Cryptosporidiose,Cryptosporidiose,fièvre
https://fr.wikipedia.org/wiki/Toxocarose,Toxocarose,fièvre
https://fr.wikipedia.org/wiki/Trouble_bipolaire,Trouble bipolaire,état dépressif
https://fr.wikiversity.org/wiki/Trouble_bipolaire,Trouble bipolaire,état dépressif
https://fr.wikipedia.org/wiki/Cryptosporidiose,Cryptosporidiose,diarrhée
https://fr.wikipedia.org/wiki/Onchocercose,Onchocercose,lymphadénite
https://fr.wikipedia.org/wiki/Onchocercose,Onchocercose,dépigmentation
https://fr.wikipedia.org/wiki/Hyperactivit%C3%A9_v%C3%A9sicale,Hyperactivité vésicale,impériosité urinaire
https://fr.wikipedia.org/wiki/D%C3%A9ficience_NGLY1,Déficience NGLY1,hypoplasie  de la main
https://fr.wikipedia.org/wiki/D%C3%A9ficience_NGLY1,Déficience NGLY1,faciès hypotonique
https://fr.wikipedia.org/wiki/Paralysie_faciale,Paralysie faciale,faciès hypotonique
https://fr.wikipedia.org/wiki/D%C3%A9ficience_NGLY1,Déficience NGLY1,déficit moteur
https://fr.wikipedia.org/wiki/D%C3%A9ficience_NGLY1,Déficience NGLY1,atrophie cérébrale
https://fr.wikipedia.org/wiki/D%C3%A9ficience_NGLY1,Déficience NGLY1,retard de maturation osseuse
https://fr.wikipedia.org/wiki/D%C3%A9ficience_NGLY1,Déficience NGLY1,hypermobilité articulaire
https://fr.wikipedia.org/wiki/D%C3%A9ficience_NGLY1,Déficience NGLY1,diminution de l'activité de la prothrombine
https://fr.wikipedia.org/wiki/D%C3%A9ficience_NGLY1,Déficience NGLY1,Hypofibrinogénémie
https://fr.wikipedia.org/wiki/D%C3%A9ficience_NGLY1,Déficience NGLY1,valeur basse du ratio albumine du LCR/ albumine du sérum
https://fr.wikipedia.org/wiki/D%C3%A9ficience_NGLY1,Déficience NGLY1,concentration basse d'albumine dans le LCR
https://fr.wikipedia.org/wiki/D%C3%A9ficience_NGLY1,Déficience NGLY1,concentration basse de protéines dans le LCR
https://fr.wikipedia.org/wiki/Trouble_bipolaire,Trouble bipolaire,saute d'humeur
https://fr.wikiversity.org/wiki/Trouble_bipolaire,Trouble bipolaire,saute d'humeur
https://fr.wikipedia.org/wiki/Syndrome_du_d%C3%A9calage_horaire,Syndrome du décalage horaire,irritabilité
https://fr.wikipedia.org/wiki/Sarco%C3%AFdose,Sarcoïdose,toux
https://fr.wikipedia.org/wiki/Maladie_de_Huntington,Maladie de Huntington,modification de la personnalité
https://fr.wikipedia.org/wiki/Anthracose,Anthracose,expectoration noirâtre
https://fr.wikipedia.org/wiki/Glossodynie,Glossodynie,sensation de brûlure de la bouche
https://fr.wikipedia.org/wiki/Syndrome_de_Korsakoff,Syndrome de Korsakoff,pseudo-réminiscence
https://fr.wikipedia.org/wiki/Syndrome_de_tachycardie_orthostatique_posturale,Syndrome de tachycardie orthostatique posturale,sensation de tête légère
https://fr.wikipedia.org/wiki/Dystrophie_facio-scapulo-hum%C3%A9rale,Dystrophie facio-scapulo-humérale,surdité
https://fr.wikipedia.org/wiki/Trouble_du_d%C3%A9ficit_de_l%27attention_avec_ou_sans_hyperactivit%C3%A9,Trouble du déficit de l'attention avec ou sans hyperactivité,dysrégulation émotionnelle
https://fr.wikipedia.org/wiki/Leuc%C3%A9mie_aigu%C3%AB_lymphoblastique,Leucémie aiguë lymphoblastique,douleur osseuse
https://fr.wikipedia.org/wiki/Carcinome_h%C3%A9patocellulaire,Carcinome hépatocellulaire,sueur
https://fr.wikipedia.org/wiki/Tumeur_neuroendocrinienne,Tumeur neuroendocrinienne,diarrhée
https://fr.wikipedia.org/wiki/Trichoc%C3%A9phalose,Trichocéphalose,diarrhée
https://fr.wikipedia.org/wiki/Ehrlichiose,Ehrlichiose,nausée
https://fr.wikipedia.org/wiki/N%C3%A9vrite_vestibulaire,Névrite vestibulaire,nausée
https://fr.wikipedia.org/wiki/Chol%C3%A9ra,Choléra,spasme
https://fr.wikivoyage.org/wiki/Chol%C3%A9ra,Choléra,spasme
https://fr.wikipedia.org/wiki/Reflux_gastro-%C5%93sophagien,Reflux gastro-œsophagien,toux
https://fr.wikipedia.org/wiki/Chikungunya,Chikungunya,fièvre
https://fr.wikivoyage.org/wiki/Chikungunya,Chikungunya,fièvre
https://fr.wikipedia.org/wiki/L%C3%A8pre,Lèpre,lagophtalmie
https://fr.wikipedia.org/wiki/Oxyurose,Oxyurose,irritabilité
https://fr.wikipedia.org/wiki/Maladie_de_Crohn,Maladie de Crohn,sensation d'évacuation incomplète des selles
https://fr.wikipedia.org/wiki/D%C3%A9ficience_NGLY1,Déficience NGLY1,hépatomégalie
https://fr.wikipedia.org/wiki/D%C3%A9ficience_NGLY1,Déficience NGLY1,ostéopénie
https://fr.wikipedia.org/wiki/D%C3%A9ficience_NGLY1,Déficience NGLY1,ulcère de cornée
https://fr.wikipedia.org/wiki/L%C3%A8pre,Lèpre,dépigmentation
https://fr.wikipedia.org/wiki/Botulisme,Botulisme,vision floue
https://fr.wikipedia.org/wiki/Syndrome_de_fatigue_chronique,Syndrome de fatigue chronique,obnubilation de la conscience
https://fr.wikipedia.org/wiki/Balantidiase,Balantidiase,diarrhée
https://fr.wikipedia.org/wiki/Exanth%C3%A8me_subit,Exanthème subit,fièvre
https://fr.wikipedia.org/wiki/Bab%C3%A9siose,Babésiose,fièvre
https://fr.wikipedia.org/wiki/Enc%C3%A9phalite_japonaise,Encéphalite japonaise,fièvre
https://fr.wikivoyage.org/wiki/Enc%C3%A9phalite_japonaise,Encéphalite japonaise,fièvre
https://fr.wikipedia.org/wiki/Ehrlichiose,Ehrlichiose,toux
https://fr.wikipedia.org/wiki/Syndrome_pulmonaire_%C3%A0_Hantavirus,Syndrome pulmonaire à Hantavirus,toux
https://fr.wikipedia.org/wiki/D%C3%A9ficience_NGLY1,Déficience NGLY1,handicap intellectuel
https://fr.wikipedia.org/wiki/Elliptocytose_h%C3%A9r%C3%A9ditaire,Elliptocytose héréditaire,Ovalocyte
https://fr.wikipedia.org/wiki/Ovalocytose,Ovalocytose,Ovalocyte
https://fr.wikipedia.org/wiki/Tumeur_neuroendocrinienne,Tumeur neuroendocrinienne,rougissement
https://fr.wikipedia.org/wiki/Dystrophie_myotonique_de_Steinert,Dystrophie myotonique de Steinert,stérilité
https://fr.wikipedia.org/wiki/Syndrome_de_Van_der_Woude,Syndrome de Van der Woude,fente palatine
https://fr.wikipedia.org/wiki/Pentalogie_de_Cantrell,Pentalogie de Cantrell,fente sternale
https://fr.wikipedia.org/wiki/Maladie_de_Crohn,Maladie de Crohn,ulcère cutané
https://fr.wikipedia.org/wiki/Leuc%C3%A9mie,Leucémie,étourdissement
https://fr.wikipedia.org/wiki/Fasciolose,Fasciolose,nausée
https://fr.wikipedia.org/wiki/Maladie_de_Kawasaki,Maladie de Kawasaki,fièvre
https://fr.wikipedia.org/wiki/Maladie_de_Kawasaki,Maladie de Kawasaki,diarrhée
https://fr.wikipedia.org/wiki/Trouble_de_la_personnalit%C3%A9_borderline,Trouble de la personnalité borderline,dysrégulation émotionnelle
https://fr.wikipedia.org/wiki/Phobie_sociale,Phobie sociale,anxiété sociale
https://fr.wikipedia.org/wiki/Calcinose,Calcinose,calcification métastatique
https://fr.wikipedia.org/wiki/Rage_(maladie),Rage (maladie),photophobie
https://fr.wikivoyage.org/wiki/Rage,Rage,photophobie
https://fr.wikipedia.org/wiki/Trouble_bipolaire,Trouble bipolaire,agitation psychomotrice
https://fr.wikiversity.org/wiki/Trouble_bipolaire,Trouble bipolaire,agitation psychomotrice
https://fr.wikipedia.org/wiki/Maladie_de_Beh%C3%A7et,Maladie de Behçet,toux
https://fr.wikipedia.org/wiki/Croup,Croup,toux
https://fr.wikipedia.org/wiki/Trouble_bipolaire,Trouble bipolaire,anhédonie
https://fr.wikiversity.org/wiki/Trouble_bipolaire,Trouble bipolaire,anhédonie
https://fr.wikipedia.org/wiki/Scarlatine,Scarlatine,langue framboisée
https://fr.wikipedia.org/wiki/Trouble_obsessionnel_compulsif,Trouble obsessionnel compulsif,obsession
https://fr.wikipedia.org/wiki/Syndrome_de_fatigue_chronique,Syndrome de fatigue chronique,état dépressif
https://fr.wikipedia.org/wiki/Syndrome_de_Marfan,Syndrome de Marfan,dolichosténomélie
https://fr.wikipedia.org/wiki/Pneumonie_aigu%C3%AB,Pneumonie aiguë,tachypnée
https://fr.wikipedia.org/wiki/Microd%C3%A9l%C3%A9tion_22q11,Microdélétion 22q11,hypoplasie du thymus
https://fr.wikipedia.org/wiki/Maladie_de_Beh%C3%A7et,Maladie de Behçet,fièvre
https://fr.wikipedia.org/wiki/Maladie_de_Kawasaki,Maladie de Kawasaki,langue framboisée
https://fr.wikipedia.org/wiki/Ataxie_t%C3%A9langiectasie,Ataxie télangiectasie,hypoplasie du thymus
https://fr.wikipedia.org/wiki/Syndrome_du_canal_carpien,Syndrome du canal carpien,douleur au poignet
https://fr.wikipedia.org/wiki/Maladie_de_Beh%C3%A7et,Maladie de Behçet,diarrhée
https://fr.wikipedia.org/wiki/Intol%C3%A9rance_au_lactose,Intolérance au lactose,ballonnement abdominal
https://fr.wikipedia.org/wiki/D%C3%A9pression_(psychiatrie),Dépression (psychiatrie),dysphorie
https://fr.wikipedia.org/wiki/D%C3%A9pression_(psychiatrie),Dépression (psychiatrie),trouble des fonctions exécutives
https://fr.wikipedia.org/wiki/Peste,Peste,myalgie
https://fr.wikipedia.org/wiki/Fibromyalgie,Fibromyalgie,état dépressif
https://fr.wikipedia.org/wiki/Syndrome_de_Korsakoff,Syndrome de Korsakoff,amnésie de fixation
https://fr.wikipedia.org/wiki/Bab%C3%A9siose,Babésiose,nausée
https://fr.wikipedia.org/wiki/Cryptosporidiose,Cryptosporidiose,nausée
https://fr.wikipedia.org/wiki/Diverticulite_du_sigmo%C3%AFde,Diverticulite du sigmoïde,nausée
https://fr.wikipedia.org/wiki/Maladie_de_Beh%C3%A7et,Maladie de Behçet,nausée
https://fr.wikipedia.org/wiki/Rougeole,Rougeole,éruption maculopapuleuse
https://fr.wikipedia.org/wiki/L%C3%A9gionellose,Légionellose,myalgie
https://fr.wikipedia.org/wiki/Trouble_du_d%C3%A9ficit_de_l%27attention_avec_ou_sans_hyperactivit%C3%A9,Trouble du déficit de l'attention avec ou sans hyperactivité,trouble des fonctions exécutives
https://fr.wikipedia.org/wiki/Maladie_de_Chagas,Maladie de Chagas,signe de Romana
https://fr.wikivoyage.org/wiki/Maladie_de_Chagas,Maladie de Chagas,signe de Romana
https://fr.wikipedia.org/wiki/T%C3%A9tanos,Tétanos,spasme
https://fr.wikipedia.org/wiki/Maladie_de_Wilson,Maladie de Wilson,ongles bleus
https://fr.wikipedia.org/wiki/Syndrome_de_tachycardie_orthostatique_posturale,Syndrome de tachycardie orthostatique posturale,vision floue
https://fr.wikipedia.org/wiki/Syndrome_de_tachycardie_orthostatique_posturale,Syndrome de tachycardie orthostatique posturale,obnubilation de la conscience
https://fr.wikipedia.org/wiki/Maladie_de_Fabry,Maladie de Fabry,vertige
https://fr.wikipedia.org/wiki/Nanisme,Nanisme,insuffisance staturale
https://fr.wikiquote.org/wiki/Nain,Nain,insuffisance staturale
https://fr.wikipedia.org/wiki/Maladie_de_Lyme,Maladie de Lyme,vertige
https://fr.wikivoyage.org/wiki/Maladie_de_Lyme,Maladie de Lyme,vertige
https://fr.wikipedia.org/wiki/Exanth%C3%A8me_subit,Exanthème subit,éruption maculopapuleuse
https://fr.wikipedia.org/wiki/Syndrome_de_M%C3%B6bius,Syndrome de Möbius,paralysie faciale
https://fr.wikipedia.org/wiki/Toxocarose,Toxocarose,dermatose urticariforme
https://fr.wikipedia.org/wiki/Cardiomyopathie_hypertrophique,Cardiomyopathie hypertrophique,vertige
https://fr.wikipedia.org/wiki/Cancer_du_poumon,Cancer du poumon,sibilance
https://fr.wikipedia.org/wiki/Migraine,Migraine,photophobie
https://fr.wikinews.org/wiki/Cat%C3%A9gorie:Dengue,Catégorie:Dengue,myalgie
https://fr.wikipedia.org/wiki/Dengue,Dengue,myalgie
https://fr.wikivoyage.org/wiki/Dengue,Dengue,myalgie
https://fr.wikipedia.org/wiki/Leptospirose,Leptospirose,myalgie
https://fr.wikipedia.org/wiki/Leptospirose,Leptospirose,insuffisance rénale
https://fr.wikipedia.org/wiki/Delirium_tremens,Delirium tremens,agrypnia excitata
https://fr.wikipedia.org/wiki/M%C3%A9ningite,Méningite,photophobie
https://fr.wikipedia.org/wiki/N%C3%A9vrite_vestibulaire,Névrite vestibulaire,vertige
https://fr.wikipedia.org/wiki/Vertige_paroxystique_positionnel_b%C3%A9nin,Vertige paroxystique positionnel bénin,étourdissement
https://fr.wikipedia.org/wiki/Vertige_paroxystique_positionnel_b%C3%A9nin,Vertige paroxystique positionnel bénin,vertige
https://fr.wikipedia.org/wiki/Fibrillation_ventriculaire,Fibrillation ventriculaire,vertige
https://fr.wikipedia.org/wiki/Brucellose,Brucellose,myalgie
https://fr.wikipedia.org/wiki/Brucellose,Brucellose,orchite
https://fr.wikipedia.org/wiki/Ulc%C3%A8re_gastro-duod%C3%A9nal,Ulcère gastro-duodénal,pyrosis
https://fr.wikipedia.org/wiki/Leuc%C3%A9mie_aigu%C3%AB_lymphoblastique,Leucémie aiguë lymphoblastique,asthénie
https://fr.wikipedia.org/wiki/Gastro-ent%C3%A9rite,Gastro-entérite,pyrosis
https://fr.wikipedia.org/wiki/Gastro-ent%C3%A9rite,Gastro-entérite,spasme
https://fr.wikipedia.org/wiki/Reflux_gastro-%C5%93sophagien,Reflux gastro-œsophagien,pyrosis
https://fr.wikipedia.org/wiki/Cancer_du_pancr%C3%A9as,Cancer du pancréas,syndrome de Trousseau
https://fr.wikipedia.org/wiki/Syndrome_de_Gougerot-Sj%C3%B6gren,Syndrome de Gougerot-Sjögren,syndrome de l'œil sec
https://fr.wikipedia.org/wiki/Syndrome_de_Van_der_Woude,Syndrome de Van der Woude,fistule congénitale de la lèvre
https://fr.wikipedia.org/wiki/Enchondromatose,Enchondromatose,enchondromatose
https://fr.wikipedia.org/wiki/Humeur_d%C3%A9pressive,Humeur dépressive,trouble des fonctions exécutives
https://fr.wikiquote.org/wiki/D%C3%A9pression,Dépression,trouble des fonctions exécutives
https://fr.wikipedia.org/wiki/Tumeur_neuroendocrinienne,Tumeur neuroendocrinienne,Mal de dos
https://fr.wikipedia.org/wiki/Syndrome_abl%C3%A9pharie-macrostomie,Syndrome ablépharie-macrostomie,macrostomie
https://fr.wikipedia.org/wiki/Maladie_de_Beh%C3%A7et,Maladie de Behçet,méningite aseptique
https://fr.wikipedia.org/wiki/Maladie_de_Beh%C3%A7et,Maladie de Behçet,vascularite rétinienne
https://fr.wikipedia.org/wiki/Iridocyclite,Iridocyclite,photophobie
https://fr.wikipedia.org/wiki/Botulisme,Botulisme,Dystonie neurovégétative
https://fr.wikipedia.org/wiki/Botulisme,Botulisme,ptosis
https://fr.wikipedia.org/wiki/Intoxication_au_mercure,Intoxication au mercure,salivation
https://fr.wikipedia.org/wiki/Intoxication_au_mercure,Intoxication au mercure,pneumopathie chimique
https://fr.wikipedia.org/wiki/Intoxication_au_mercure,Intoxication au mercure,dysgueusie
https://fr.wikipedia.org/wiki/Dracunculose,Dracunculose,urticaire allergique
https://fr.wikipedia.org/wiki/Intoxication_au_mercure,Intoxication au mercure,irritation oculaire
https://fr.wikinews.org/wiki/Cat%C3%A9gorie:SIDA,Catégorie:SIDA,léthargie
https://fr.wikipedia.org/wiki/Syndrome_d%27immunod%C3%A9ficience_acquise,Syndrome d'immunodéficience acquise,léthargie
https://fr.wikipedia.org/wiki/Maladie_%C3%A0_virus_Zika,Maladie à virus Zika,éruption maculopapuleuse
https://fr.wikipedia.org/wiki/Enc%C3%A9phalite_%C3%A0_tiques,Encéphalite à tiques,photophobie
https://fr.wikipedia.org/wiki/Enc%C3%A9phalite_%C3%A0_tiques,Encéphalite à tiques,myalgie
https://fr.wikipedia.org/wiki/Chikungunya,Chikungunya,myalgie
https://fr.wikivoyage.org/wiki/Chikungunya,Chikungunya,myalgie
https://fr.wikipedia.org/wiki/Rage_(maladie),Rage (maladie),augmentation
https://fr.wikivoyage.org/wiki/Rage,Rage,augmentation
https://fr.wikipedia.org/wiki/Syndrome_de_fatigue_chronique,Syndrome de fatigue chronique,sueurs nocturnes
https://fr.wikipedia.org/wiki/Syndrome_de_fatigue_chronique,Syndrome de fatigue chronique,myalgie
https://fr.wikipedia.org/wiki/Infirmit%C3%A9_motrice_c%C3%A9r%C3%A9brale,Infirmité motrice cérébrale,spasme
https://fr.wikipedia.org/wiki/Intoxication_au_mercure,Intoxication au mercure,exanthème
https://fr.wikipedia.org/wiki/Intoxication_au_mercure,Intoxication au mercure,trouble gastro-intestinal
https://fr.wikipedia.org/wiki/Intoxication_au_mercure,Intoxication au mercure,indécision
https://fr.wikipedia.org/wiki/H%C3%A9b%C3%A9phr%C3%A9no-catatonie,Hébéphréno-catatonie,flexibilité cireuse
https://fr.wikipedia.org/wiki/Ehrlichiose,Ehrlichiose,myalgie
https://fr.wikipedia.org/wiki/Syndrome_de_Felty,Syndrome de Felty,leucopénie
https://fr.wikipedia.org/wiki/Fi%C3%A8vre_h%C3%A9morragique_d%27Argentine,Fièvre hémorragique d'Argentine,leucopénie
https://fr.wikipedia.org/wiki/Humeur_d%C3%A9pressive,Humeur dépressive,dysphorie
https://fr.wikiquote.org/wiki/D%C3%A9pression,Dépression,dysphorie
https://fr.wikipedia.org/wiki/Syndrome_abl%C3%A9pharie-macrostomie,Syndrome ablépharie-macrostomie,ablépharie
https://fr.wikipedia.org/wiki/Syndrome_de_Saethre-Chotzen,Syndrome de Saethre-Chotzen,craniosynostose
https://fr.wikipedia.org/wiki/Syndrome_de_la_bride_poplit%C3%A9e,Syndrome de la bride poplitée,pterygium
https://fr.wikipedia.org/wiki/VIPome,VIPome,syndrome de Verner-Morrison
https://fr.wikipedia.org/wiki/Syndrome_cannabino%C3%AFde,Syndrome cannabinoïde,hyperémèse
https://fr.wikipedia.org/wiki/D%C3%A9ficience_NGLY1,Déficience NGLY1,alacrymie
https://fr.wikipedia.org/wiki/Trichoc%C3%A9phalose,Trichocéphalose,éosinophilie
https://fr.wikipedia.org/wiki/Syndrome_d%27Evans,Syndrome d'Evans,contusion
https://fr.wikipedia.org/wiki/Syndrome_de_Klinefelter,Syndrome de Klinefelter,Gynécomastie
https://fr.wikipedia.org/wiki/Maladie_de_Lyme,Maladie de Lyme,myalgie
https://fr.wikivoyage.org/wiki/Maladie_de_Lyme,Maladie de Lyme,myalgie
https://fr.wikipedia.org/wiki/Algie_vasculaire_de_la_face,Algie vasculaire de la face,photophobie
https://fr.wikipedia.org/wiki/Algie_vasculaire_de_la_face,Algie vasculaire de la face,agitation psychomotrice
https://fr.wikipedia.org/wiki/Algie_vasculaire_de_la_face,Algie vasculaire de la face,ptosis
https://fr.wikipedia.org/wiki/Fi%C3%A8vre_typho%C3%AFde,Fièvre typhoïde,perforation intestinale
https://fr.wikivoyage.org/wiki/Typho%C3%AFde,Typhoïde,perforation intestinale
https://fr.wikipedia.org/wiki/Maladie_de_Wilson,Maladie de Wilson,signe du panda géant
https://fr.wikipedia.org/wiki/Dracunculose,Dracunculose,myalgie
https://fr.wikipedia.org/wiki/Syndrome_de_d%C3%A9tresse_respiratoire_aigu%C3%AB,Syndrome de détresse respiratoire aiguë,tachypnée
https://fr.wikipedia.org/wiki/D%C3%A9ficience_NGLY1,Déficience NGLY1,stéatose hépatique
https://fr.wikipedia.org/wiki/D%C3%A9ficience_NGLY1,Déficience NGLY1,crise épileptique
https://fr.wikipedia.org/wiki/D%C3%A9ficience_NGLY1,Déficience NGLY1,hypocholestérolémie
https://fr.wikipedia.org/wiki/Chol%C3%A9ra,Choléra,inconfort
https://fr.wikivoyage.org/wiki/Chol%C3%A9ra,Choléra,inconfort
https://fr.wikipedia.org/wiki/Infection_urinaire,Infection urinaire,pollakiurie
https://fr.wikipedia.org/wiki/Infection_urinaire,Infection urinaire,hématurie
https://fr.wikipedia.org/wiki/Syndrome_pr%C3%A9menstruel,Syndrome prémenstruel,myalgie
https://fr.wikipedia.org/wiki/Maladie_de_Parkinson,Maladie de Parkinson,tremblement
https://fr.wikipedia.org/wiki/Trouble_de_la_personnalit%C3%A9_borderline,Trouble de la personnalité borderline,dysphorie
https://fr.wikipedia.org/wiki/Trouble_de_la_personnalit%C3%A9_borderline,Trouble de la personnalité borderline,automutilation
https://fr.wikipedia.org/wiki/Hyperandrog%C3%A9nie,Hyperandrogénie,aménorrhée
https://fr.wikipedia.org/wiki/D%C3%A9ficience_NGLY1,Déficience NGLY1,microcéphalie
https://fr.wikipedia.org/wiki/Achromatopsie,Achromatopsie,photophobie
https://fr.wikipedia.org/wiki/N%C3%A9phrite_(m%C3%A9decine),Néphrite (médecine),hématurie
https://fr.wikipedia.org/wiki/Intoxication_au_mercure,Intoxication au mercure,insuffisance rénale
https://fr.wikipedia.org/wiki/Maladie_de_Crohn,Maladie de Crohn,fistule
https://fr.wikipedia.org/wiki/Maladie_de_Crohn,Maladie de Crohn,aphte
https://fr.wikipedia.org/wiki/D%C3%A9ficience_NGLY1,Déficience NGLY1,défauts de réfraction
https://fr.wikipedia.org/wiki/Syndrome_pulmonaire_%C3%A0_Hantavirus,Syndrome pulmonaire à Hantavirus,myalgie
https://fr.wikipedia.org/wiki/Polymyosite,Polymyosite,papules de Gottron
https://fr.wikipedia.org/wiki/Syndrome_de_Williams,Syndrome de Williams,sténose aortique supravalvulaire
https://fr.wikipedia.org/wiki/Maladie_de_Beh%C3%A7et,Maladie de Behçet,ulcération de la vulve
https://fr.wikipedia.org/wiki/Syndrome_de_Marfan,Syndrome de Marfan,Pectus excavatum
https://fr.wikipedia.org/wiki/Syndrome_de_Marfan,Syndrome de Marfan,dissection aortique
https://fr.wikipedia.org/wiki/Syndrome_de_Marfan,Syndrome de Marfan,anévrisme aortique
https://fr.wikipedia.org/wiki/Variole,Variole,cicatrice
https://fr.wikipedia.org/wiki/Intoxication_au_mercure,Intoxication au mercure,protéinurie
https://fr.wikipedia.org/wiki/Intoxication_au_mercure,Intoxication au mercure,dysphagie
https://fr.wikipedia.org/wiki/Intoxication_au_mercure,Intoxication au mercure,asthénie
https://fr.wikipedia.org/wiki/Onchocercose,Onchocercose,exanthème
https://fr.wikipedia.org/wiki/Cardiomyopathie_hypertrophique,Cardiomyopathie hypertrophique,fatigue physiologique
https://fr.wikipedia.org/wiki/Maladie_de_Charcot-Marie-Tooth,Maladie de Charcot-Marie-Tooth,déficit sensoriel
https://fr.wikipedia.org/wiki/D%C3%A9ficit_d%27adh%C3%A9sion_leucocytaire,Déficit d'adhésion leucocytaire,retard de la chute du cordon ombilical
https://fr.wikipedia.org/wiki/Trouble_bipolaire,Trouble bipolaire,hypomanie
https://fr.wikiversity.org/wiki/Trouble_bipolaire,Trouble bipolaire,hypomanie
https://fr.wikipedia.org/wiki/L%C3%A8pre,Lèpre,déformation d'un matériau
https://fr.wikipedia.org/wiki/L%C3%A8pre,Lèpre,épistaxis
https://fr.wikipedia.org/wiki/Trichinose,Trichinose,myalgie
https://fr.wikipedia.org/wiki/Trichinose,Trichinose,éosinophilie
https://fr.wikipedia.org/wiki/Colite_pseudomembraneuse,Colite pseudomembraneuse,pyrosis
https://fr.wikipedia.org/wiki/Chol%C3%A9ra,Choléra,cyanose
https://fr.wikivoyage.org/wiki/Chol%C3%A9ra,Choléra,cyanose
https://fr.wikipedia.org/wiki/Chol%C3%A9ra,Choléra,déshydratation
https://fr.wikivoyage.org/wiki/Chol%C3%A9ra,Choléra,déshydratation
https://fr.wikipedia.org/wiki/Trouble_de_stress_post-traumatique,Trouble de stress post-traumatique,cauchemar
https://fr.wikipedia.org/wiki/Botulisme,Botulisme,dysarthrie
https://fr.wikipedia.org/wiki/Trouble_bipolaire,Trouble bipolaire,délire
https://fr.wikiversity.org/wiki/Trouble_bipolaire,Trouble bipolaire,délire
https://fr.wikipedia.org/wiki/Maladie_de_Fabry,Maladie de Fabry,insuffisance rénale
https://fr.wikipedia.org/wiki/Maladie_de_Fabry,Maladie de Fabry,anhidrose
https://fr.wikipedia.org/wiki/Pneumothorax,Pneumothorax,dyspnée
https://fr.wikipedia.org/wiki/Migraine,Migraine,éructation
https://fr.wikipedia.org/wiki/Rage_(maladie),Rage (maladie),arrêt cardio-circulatoire
https://fr.wikivoyage.org/wiki/Rage,Rage,arrêt cardio-circulatoire
https://fr.wikipedia.org/wiki/Cancer_du_poumon,Cancer du poumon,dyspnée
https://fr.wikipedia.org/wiki/Pneumonie_aigu%C3%AB,Pneumonie aiguë,dyspnée
https://fr.wikipedia.org/wiki/Algie_vasculaire_de_la_face,Algie vasculaire de la face,larmoiement
https://fr.wikipedia.org/wiki/Filariose_lymphatique,Filariose lymphatique,éléphantiasis
https://fr.wikipedia.org/wiki/Iridocyclite,Iridocyclite,douleur oculaire
https://fr.wikipedia.org/wiki/Syndrome_de_d%C3%A9tresse_respiratoire_aigu%C3%AB,Syndrome de détresse respiratoire aiguë,dyspnée
https://fr.wikipedia.org/wiki/Syndrome_de_d%C3%A9tresse_respiratoire_aigu%C3%AB,Syndrome de détresse respiratoire aiguë,cyanose
https://fr.wikipedia.org/wiki/Syndrome_de_dumping,Syndrome de dumping,hypoglycémie
https://fr.wikipedia.org/wiki/Intoxication_au_mercure,Intoxication au mercure,dyspnée
https://fr.wikipedia.org/wiki/Maladie_de_Willebrand,Maladie de Willebrand,hématome
https://fr.wikipedia.org/wiki/Bab%C3%A9siose,Babésiose,myalgie
https://fr.wikipedia.org/wiki/H%C3%A9patite_C,Hépatite C,Ascite
https://fr.wikipedia.org/wiki/Maladie_de_Beh%C3%A7et,Maladie de Behçet,uvéite
https://fr.wikipedia.org/wiki/Schwannomatose,Schwannomatose,neurinome
https://fr.wikipedia.org/wiki/Insomnie_fatale_familiale,Insomnie fatale familiale,agrypnia excitata
https://fr.wikipedia.org/wiki/Neuroacanthocytose,Neuroacanthocytose,acanthocytose
https://fr.wikipedia.org/wiki/Maladie_de_Beh%C3%A7et,Maladie de Behçet,péricardite
https://fr.wikipedia.org/wiki/Fi%C3%A8vre_typho%C3%AFde,Fièvre typhoïde,délire
https://fr.wikivoyage.org/wiki/Typho%C3%AFde,Typhoïde,délire
https://fr.wikipedia.org/wiki/Intoxication_au_mercure,Intoxication au mercure,tremblement
https://fr.wikipedia.org/wiki/Maladie_de_Beh%C3%A7et,Maladie de Behçet,aphte
https://fr.wikipedia.org/wiki/Hypertension_portale,Hypertension portale,Ascite
https://fr.wikipedia.org/wiki/Pneumonie_aigu%C3%AB,Pneumonie aiguë,prurit
https://fr.wikipedia.org/wiki/Pneumonie_aigu%C3%AB,Pneumonie aiguë,ronflement
https://fr.wikipedia.org/wiki/M%C3%A9soth%C3%A9liome,Mésothéliome,dyspnée
https://fr.wikipedia.org/wiki/Dystrophie_musculaire_d%27Emery-Dreifuss,Dystrophie musculaire d'Emery-Dreifuss,trouble du rythme cardiaque
https://fr.wikipedia.org/wiki/Cryptosporidiose,Cryptosporidiose,déshydratation
https://fr.wikipedia.org/wiki/Syndrome_de_tachycardie_orthostatique_posturale,Syndrome de tachycardie orthostatique posturale,asthénie
https://fr.wikipedia.org/wiki/Dracunculose,Dracunculose,prurit
https://fr.wikipedia.org/wiki/Intoxication_au_mercure,Intoxication au mercure,tachycardie
https://fr.wikipedia.org/wiki/Colite_pseudomembraneuse,Colite pseudomembraneuse,prurit
https://fr.wikipedia.org/wiki/Fi%C3%A8vre_typho%C3%AFde,Fièvre typhoïde,bradycardie
https://fr.wikivoyage.org/wiki/Typho%C3%AFde,Typhoïde,bradycardie
https://fr.wikipedia.org/wiki/Fi%C3%A8vre_jaune,Fièvre jaune,bradycardie
https://fr.wikivoyage.org/wiki/Fi%C3%A8vre_jaune,Fièvre jaune,bradycardie
https://fr.wikipedia.org/wiki/Fi%C3%A8vre_jaune,Fièvre jaune,cyanose
https://fr.wikivoyage.org/wiki/Fi%C3%A8vre_jaune,Fièvre jaune,cyanose
https://fr.wikipedia.org/wiki/Cardiomyopathie_hypertrophique,Cardiomyopathie hypertrophique,tachycardie
https://fr.wikipedia.org/wiki/Achromatopsie,Achromatopsie,amblyopie
https://fr.wikipedia.org/wiki/Achromatopsie,Achromatopsie,nystagmus
https://fr.wikipedia.org/wiki/Gale,Gale,prurit
https://fr.wikipedia.org/wiki/Galactos%C3%A9mie,Galactosémie,Intolérance au lactose
https://fr.wikipedia.org/wiki/Oxyurose,Oxyurose,prurit
https://fr.wikipedia.org/wiki/Leuc%C3%A9mie_aigu%C3%AB_lymphoblastique,Leucémie aiguë lymphoblastique,dyspnée
https://fr.wikipedia.org/wiki/Syndrome_de_Felty,Syndrome de Felty,polyarthrite rhumatoïde
https://fr.wikipedia.org/wiki/Syndrome_du_QT_court,Syndrome du QT court,dyspnée
https://fr.wikipedia.org/wiki/Cardiomyopathie_hypertrophique,Cardiomyopathie hypertrophique,dyspnée
https://fr.wikipedia.org/wiki/Cryptosporidiose,Cryptosporidiose,Ascite
https://fr.wikipedia.org/wiki/N%C3%A9vrite_vestibulaire,Névrite vestibulaire,nystagmus
https://fr.wikipedia.org/wiki/Dystrophie_musculaire_oculo-pharyng%C3%A9e,Dystrophie musculaire oculo-pharyngée,dysarthrie
https://fr.wikipedia.org/wiki/Dystrophie_myotonique_de_Steinert,Dystrophie myotonique de Steinert,trouble du rythme cardiaque
https://fr.wikipedia.org/wiki/Asbestose,Asbestose,dyspnée
https://fr.wikipedia.org/wiki/Syndrome_pulmonaire_%C3%A0_Hantavirus,Syndrome pulmonaire à Hantavirus,dyspnée
https://fr.wikipedia.org/wiki/Infection_%C3%A0_virus_Nipah,Infection à virus Nipah,dyspnée
https://fr.wikinews.org/wiki/Cat%C3%A9gorie:SIDA,Catégorie:SIDA,amaigrissement
https://fr.wikipedia.org/wiki/Syndrome_d%27immunod%C3%A9ficience_acquise,Syndrome d'immunodéficience acquise,amaigrissement
https://fr.wikipedia.org/wiki/Gastro-ent%C3%A9rite,Gastro-entérite,déshydratation
https://fr.wikipedia.org/wiki/Toxoplasmose,Toxoplasmose,encéphalite
https://fr.wikipedia.org/wiki/Trouble_d%C3%A9lirant,Trouble délirant,délire
https://fr.wikipedia.org/wiki/Maladie_de_Willebrand,Maladie de Willebrand,épistaxis
https://fr.wikipedia.org/wiki/Tuberculose,Tuberculose,amaigrissement
https://fr.wikivoyage.org/wiki/Tuberculose,Tuberculose,amaigrissement
https://fr.wikipedia.org/wiki/Syndrome_de_Kallmann,Syndrome de Kallmann,anosmie
https://fr.wikipedia.org/wiki/M%C3%A9soth%C3%A9liome,Mésothéliome,sibilance
https://fr.wikipedia.org/wiki/An%C3%A9vrisme_intracr%C3%A2nien,Anévrisme intracrânien,confusion
https://fr.wikipedia.org/wiki/Tuberculose,Tuberculose,hémoptysie
https://fr.wikivoyage.org/wiki/Tuberculose,Tuberculose,hémoptysie
https://fr.wikipedia.org/wiki/Pneumonie_aigu%C3%AB,Pneumonie aiguë,hémoptysie
https://fr.wikipedia.org/wiki/Paralysie_p%C3%A9riodique_hyperkali%C3%A9mique,Paralysie périodique hyperkaliémique,trouble du rythme cardiaque
https://fr.wikipedia.org/wiki/Rage_(maladie),Rage (maladie),hypersialorrhée
https://fr.wikivoyage.org/wiki/Rage,Rage,hypersialorrhée
https://fr.wikipedia.org/wiki/Rage_(maladie),Rage (maladie),paresthésie
https://fr.wikivoyage.org/wiki/Rage,Rage,paresthésie
https://fr.wikipedia.org/wiki/Sarco%C3%AFdose,Sarcoïdose,dyspnée
https://fr.wikipedia.org/wiki/Maladie_de_Lyme,Maladie de Lyme,trouble du rythme cardiaque
https://fr.wikivoyage.org/wiki/Maladie_de_Lyme,Maladie de Lyme,trouble du rythme cardiaque
https://fr.wikipedia.org/wiki/Varicelle,Varicelle,rash
https://fr.wikipedia.org/wiki/Syndrome_d%27Evans,Syndrome d'Evans,épistaxis
https://fr.wikipedia.org/wiki/Maladie_de_Crohn,Maladie de Crohn,amaigrissement
https://fr.wikipedia.org/wiki/Cancer_du_poumon,Cancer du poumon,hémoptysie
https://fr.wikipedia.org/wiki/Cancer_du_poumon,Cancer du poumon,douleur thoracique
https://fr.wikipedia.org/wiki/Syndrome_de_Timothy,Syndrome de Timothy,tachycardie
https://fr.wikipedia.org/wiki/D%C3%A9ficience_NGLY1,Déficience NGLY1,tachycardie
https://fr.wikipedia.org/wiki/L%C3%A8pre,Lèpre,kératite
https://fr.wikipedia.org/wiki/L%C3%A8pre,Lèpre,mutilation
https://fr.wikipedia.org/wiki/L%C3%A8pre,Lèpre,paresthésie
https://fr.wikipedia.org/wiki/Syndrome_de_Timothy,Syndrome de Timothy,bradycardie
https://fr.wikipedia.org/wiki/Syndrome_de_Pearson,Syndrome de Pearson,tremblement
https://fr.wikipedia.org/wiki/Cancer_du_poumon,Cancer du poumon,amaigrissement
https://fr.wikipedia.org/wiki/Gale,Gale,rash
https://fr.wikipedia.org/wiki/Fi%C3%A8vre_Q,Fièvre Q,douleur thoracique
https://fr.wikipedia.org/wiki/Fi%C3%A8vre_typho%C3%AFde,Fièvre typhoïde,rash
https://fr.wikivoyage.org/wiki/Typho%C3%AFde,Typhoïde,rash
https://fr.wikipedia.org/wiki/Maladie_de_Crohn,Maladie de Crohn,gingivite
https://fr.wikipedia.org/wiki/Maladie_de_Crohn,Maladie de Crohn,arthralgie
https://fr.wikipedia.org/wiki/H%C3%A9patite_B,Hépatite B,arthralgie
https://fr.wikipedia.org/wiki/Aphasie,Aphasie,mutisme
https://fr.wikipedia.org/wiki/Maladie_de_Willebrand,Maladie de Willebrand,troubles hémorragiques
https://fr.wikipedia.org/wiki/Syndrome_de_Lesch-Nyhan,Syndrome de Lesch-Nyhan,automutilation
https://fr.wikipedia.org/wiki/Fasciolose,Fasciolose,rash
https://fr.wikipedia.org/wiki/Scarlatine,Scarlatine,rash
https://fr.wikipedia.org/wiki/Variole,Variole,rash
https://fr.wikipedia.org/wiki/Enc%C3%A9phalite_japonaise,Encéphalite japonaise,arthralgie
https://fr.wikivoyage.org/wiki/Enc%C3%A9phalite_japonaise,Encéphalite japonaise,arthralgie
https://fr.wikipedia.org/wiki/Maladie_de_Willebrand,Maladie de Willebrand,hémorragie méningée
https://fr.wikipedia.org/wiki/Leuc%C3%A9mie,Leucémie,douleur thoracique
https://fr.wikipedia.org/wiki/Leuc%C3%A9mie,Leucémie,amaigrissement
https://fr.wikipedia.org/wiki/Goutte_(maladie),Goutte (maladie),arthralgie
https://fr.wikipedia.org/wiki/M%C3%A9soth%C3%A9liome,Mésothéliome,amaigrissement
https://fr.wikipedia.org/wiki/Maladie_de_Beh%C3%A7et,Maladie de Behçet,hémoptysie
https://fr.wikipedia.org/wiki/Bruxisme,Bruxisme,attrition dentaire
https://fr.wikipedia.org/wiki/M%C3%A9soth%C3%A9liome,Mésothéliome,douleur thoracique
https://fr.wikipedia.org/wiki/Diab%C3%A8te_de_type_1,Diabète de type 1,polydipsie
https://fr.wikipedia.org/wiki/Diab%C3%A8te_de_type_1,Diabète de type 1,polyphagie
https://fr.wikipedia.org/wiki/Infarctus_du_myocarde,Infarctus du myocarde,douleur thoracique
https://fr.wikipedia.org/wiki/Maladie_d%27Addison,Maladie d'Addison,amaigrissement
https://fr.wikipedia.org/wiki/Leuc%C3%A9mie_aigu%C3%AB_lymphoblastique,Leucémie aiguë lymphoblastique,amaigrissement
https://fr.wikipedia.org/wiki/Onchocercose,Onchocercose,nodule
https://fr.wikipedia.org/wiki/Carcinome_h%C3%A9patocellulaire,Carcinome hépatocellulaire,amaigrissement
https://fr.wikipedia.org/wiki/Zona,Zona,rash
https://fr.wikipedia.org/wiki/Lupus_%C3%A9ryth%C3%A9mateux,Lupus érythémateux,arthralgie
https://fr.wikipedia.org/wiki/Maladie_de_Huntington,Maladie de Huntington,amaigrissement
https://fr.wikipedia.org/wiki/Peste,Peste,hémoptysie
https://fr.wikipedia.org/wiki/Peste,Peste,rash
https://fr.wikinews.org/wiki/Cat%C3%A9gorie:Dengue,Catégorie:Dengue,arthralgie
https://fr.wikipedia.org/wiki/Dengue,Dengue,arthralgie
https://fr.wikivoyage.org/wiki/Dengue,Dengue,arthralgie
https://fr.wikipedia.org/wiki/H%C3%A9b%C3%A9phr%C3%A9no-catatonie,Hébéphréno-catatonie,mutisme
https://fr.wikipedia.org/wiki/Angor_de_Prinzmetal,Angor de Prinzmetal,douleur thoracique
https://fr.wikipedia.org/wiki/Hyperthermie_maligne,Hyperthermie maligne,hyperkaliémie
https://fr.wikipedia.org/wiki/Hyperthermie_maligne,Hyperthermie maligne,hypercapnie
https://fr.wikipedia.org/wiki/Thrombose_veineuse_c%C3%A9r%C3%A9brale,Thrombose veineuse cérébrale,asthénie
https://fr.wikipedia.org/wiki/Maladie_de_Lyme,Maladie de Lyme,arthralgie
https://fr.wikivoyage.org/wiki/Maladie_de_Lyme,Maladie de Lyme,arthralgie
https://fr.wikipedia.org/wiki/Maladie_du_sommeil,Maladie du sommeil,arthralgie
https://fr.wikivoyage.org/wiki/Maladie_du_sommeil,Maladie du sommeil,arthralgie
https://fr.wikipedia.org/wiki/Syndrome_de_Marfan,Syndrome de Marfan,prolapsus mitral
https://fr.wikipedia.org/wiki/Infirmit%C3%A9_motrice_c%C3%A9r%C3%A9brale,Infirmité motrice cérébrale,Tic
https://fr.wikipedia.org/wiki/Dystrophie_myotonique_de_Steinert,Dystrophie myotonique de Steinert,dysphagie
https://fr.wikipedia.org/wiki/Oxyurose,Oxyurose,asthénie
https://fr.wikipedia.org/wiki/Trichoc%C3%A9phalose,Trichocéphalose,amaigrissement
https://fr.wikipedia.org/wiki/Pneumothorax,Pneumothorax,douleur thoracique
https://fr.wikipedia.org/wiki/Leptospirose,Leptospirose,rash
https://fr.wikipedia.org/wiki/H%C3%A9patite_C,Hépatite C,arthralgie
https://fr.wikipedia.org/wiki/Diab%C3%A8te_de_type_2,Diabète de type 2,polyphagie
https://fr.wikipedia.org/wiki/Paludisme,Paludisme,ictère
https://fr.wikivoyage.org/wiki/Malaria,Malaria,ictère
https://fr.wikipedia.org/wiki/Dystrophie_musculaire_oculo-pharyng%C3%A9e,Dystrophie musculaire oculo-pharyngée,ptosis
https://fr.wikipedia.org/wiki/Dystrophie_musculaire_oculo-pharyng%C3%A9e,Dystrophie musculaire oculo-pharyngée,dysphagie
https://fr.wikipedia.org/wiki/Diab%C3%A8te_de_type_2,Diabète de type 2,polydipsie
https://fr.wikipedia.org/wiki/M%C3%A9lanome_de_la_choro%C3%AFde,Mélanome de la choroïde,handicap visuel
https://fr.wikipedia.org/wiki/Dystrophie_myotonique_de_Steinert,Dystrophie myotonique de Steinert,insuffisance respiratoire
https://fr.wikipedia.org/wiki/Intoxication_au_mercure,Intoxication au mercure,insuffisance respiratoire
https://fr.wikipedia.org/wiki/H%C3%A9patite_B,Hépatite B,ictère
https://fr.wikipedia.org/wiki/Rub%C3%A9ole,Rubéole,rash
https://fr.wikinews.org/wiki/Cat%C3%A9gorie:Paludisme,Catégorie:Paludisme,ictère
https://fr.wikipedia.org/wiki/Paralysie_p%C3%A9riodique_hyperkali%C3%A9mique,Paralysie périodique hyperkaliémique,hyperkaliémie
https://fr.wikipedia.org/wiki/Syndrome_de_Pearson,Syndrome de Pearson,insuffisance pancréatique exocrine
https://fr.wikipedia.org/wiki/Maladie_%C3%A0_virus_Zika,Maladie à virus Zika,arthralgie
https://fr.wikipedia.org/wiki/Syndrome_de_Marfan,Syndrome de Marfan,pied plat
https://fr.wikipedia.org/wiki/Syndrome_pr%C3%A9menstruel,Syndrome prémenstruel,arthralgie
https://fr.wikipedia.org/wiki/Syndrome_de_fatigue_chronique,Syndrome de fatigue chronique,arthralgie
https://fr.wikipedia.org/wiki/Rage_(maladie),Rage (maladie),peur
https://fr.wikivoyage.org/wiki/Rage,Rage,peur
https://fr.wikipedia.org/wiki/Maladie_d%27Alzheimer,Maladie d'Alzheimer,démence
https://fr.wikiquote.org/wiki/Maladie_d%27Alzheimer,Maladie d'Alzheimer,démence
https://fr.wikipedia.org/wiki/Poliomy%C3%A9lite,Poliomyélite,paralysie
https://fr.wikipedia.org/wiki/D%C3%A9ficience_NGLY1,Déficience NGLY1,lagophtalmie
https://fr.wikipedia.org/wiki/D%C3%A9ficience_NGLY1,Déficience NGLY1,ptosis
https://fr.wikipedia.org/wiki/D%C3%A9ficience_NGLY1,Déficience NGLY1,dysphagie
https://fr.wikipedia.org/wiki/Maladie_de_Parkinson,Maladie de Parkinson,spasticité
https://fr.wikipedia.org/wiki/Rage_(maladie),Rage (maladie),paralysie
https://fr.wikivoyage.org/wiki/Rage,Rage,paralysie
https://fr.wikipedia.org/wiki/Intoxication_au_mercure,Intoxication au mercure,amaigrissement
https://fr.wikipedia.org/wiki/Rage_(maladie),Rage (maladie),douleur
https://fr.wikivoyage.org/wiki/Rage,Rage,douleur
https://fr.wikipedia.org/wiki/Rage_(maladie),Rage (maladie),vomissement
https://fr.wikipedia.org/wiki/Diab%C3%A8te_(syndrome),Diabète (syndrome),polydipsie
https://fr.wikipedia.org/wiki/Exanth%C3%A8me,Exanthème,rash
https://fr.wikipedia.org/wiki/T%C3%A9tanos,Tétanos,insuffisance respiratoire
https://fr.wikivoyage.org/wiki/Rage,Rage,vomissement
https://fr.wikivoyage.org/wiki/Rage,Rage,hallucination
https://fr.wikipedia.org/wiki/Colite_pseudomembraneuse,Colite pseudomembraneuse,Dyspepsie
https://fr.wikipedia.org/wiki/Intoxication_au_mercure,Intoxication au mercure,douleur thoracique
https://fr.wikipedia.org/wiki/Rage_(maladie),Rage (maladie),hallucination
https://fr.wikipedia.org/wiki/Chikungunya,Chikungunya,rash
https://fr.wikivoyage.org/wiki/Chikungunya,Chikungunya,rash
https://fr.wikipedia.org/wiki/Variole,Variole,vomissement
https://fr.wikipedia.org/wiki/M%C3%A9ningite,Méningite,vomissement
https://fr.wikipedia.org/wiki/Paratypho%C3%AFde,Paratyphoïde,rash
https://fr.wikipedia.org/wiki/Cancer_du_foie,Cancer du foie,amaigrissement
https://fr.wikipedia.org/wiki/Trouble_de_la_personnalit%C3%A9_antisociale,Trouble de la personnalité antisociale,comportement antisocial
https://fr.wikipedia.org/wiki/Cataracte_(maladie),Cataracte (maladie),handicap visuel
https://fr.wikipedia.org/wiki/Leuc%C3%A9mie,Leucémie,œdème
https://fr.wikipedia.org/wiki/Chol%C3%A9ra,Choléra,vomissement
https://fr.wikivoyage.org/wiki/Chol%C3%A9ra,Choléra,vomissement
https://fr.wikipedia.org/wiki/Leuc%C3%A9mie_aig%C3%BCe_my%C3%A9lo%C3%AFde,Leucémie aigüe myéloïde,amaigrissement
https://fr.wikipedia.org/wiki/H%C3%A9patite,Hépatite,ictère
https://fr.wikipedia.org/wiki/Maladie_de_Creutzfeldt-Jakob,Maladie de Creutzfeldt-Jakob,myoclonie
https://fr.wikipedia.org/wiki/Infarctus_du_myocarde,Infarctus du myocarde,œdème
https://fr.wikipedia.org/wiki/Maladie_de_Creutzfeldt-Jakob,Maladie de Creutzfeldt-Jakob,démence
https://fr.wikipedia.org/wiki/Trouble_bipolaire,Trouble bipolaire,hypersomnie
https://fr.wikiversity.org/wiki/Trouble_bipolaire,Trouble bipolaire,hypersomnie
https://fr.wikinews.org/wiki/Cat%C3%A9gorie:Dengue,Catégorie:Dengue,vomissement
https://fr.wikipedia.org/wiki/Dengue,Dengue,vomissement
https://fr.wikivoyage.org/wiki/Dengue,Dengue,vomissement
https://fr.wikipedia.org/wiki/Maladie_de_Wilson,Maladie de Wilson,ictère
https://fr.wikipedia.org/wiki/Coqueluche,Coqueluche,apnée
https://fr.wikipedia.org/wiki/Maladie_de_Wilson,Maladie de Wilson,œdème
https://fr.wikipedia.org/wiki/Trouble_bipolaire,Trouble bipolaire,hallucination
https://fr.wikiversity.org/wiki/Trouble_bipolaire,Trouble bipolaire,hallucination
https://fr.wikipedia.org/wiki/Oreillons,Oreillons,tuméfaction
https://fr.wikipedia.org/wiki/Fi%C3%A8vre_Q,Fièvre Q,vomissement
https://fr.wikipedia.org/wiki/Appendicite,Appendicite,vomissement
https://fr.wikipedia.org/wiki/Goutte_(maladie),Goutte (maladie),tuméfaction
https://fr.wikipedia.org/wiki/Paratypho%C3%AFde,Paratyphoïde,empoisonnement
https://fr.wikipedia.org/wiki/Maladie_de_Fabry,Maladie de Fabry,douleur
https://fr.wikipedia.org/wiki/Maladie_de_Gilles_de_La_Tourette,Maladie de Gilles de La Tourette,Tic
https://fr.wikipedia.org/wiki/Maladie_de_Lyme,Maladie de Lyme,paresthésie
https://fr.wikivoyage.org/wiki/Maladie_de_Lyme,Maladie de Lyme,paresthésie
https://fr.wikipedia.org/wiki/Maladie_de_Fabry,Maladie de Fabry,hypertension artérielle
https://fr.wikipedia.org/wiki/Boulimie,Boulimie,vomissement
https://fr.wikipedia.org/wiki/Scarlatine,Scarlatine,vomissement
https://fr.wikipedia.org/wiki/Peste,Peste,empoisonnement
https://fr.wikipedia.org/wiki/Peste,Peste,vomissement
https://fr.wikipedia.org/wiki/Cataracte_(maladie),Cataracte (maladie),éblouissement
https://fr.wikipedia.org/wiki/Hypertension_portale,Hypertension portale,ictère
https://fr.wikipedia.org/wiki/Migraine,Migraine,vomissement
https://fr.wikipedia.org/wiki/Bab%C3%A9siose,Babésiose,dépression
https://fr.wikipedia.org/wiki/Bab%C3%A9siose,Babésiose,vomissement
https://fr.wikipedia.org/wiki/Enc%C3%A9phalite_japonaise,Encéphalite japonaise,vomissement
https://fr.wikivoyage.org/wiki/Enc%C3%A9phalite_japonaise,Encéphalite japonaise,vomissement
https://fr.wikipedia.org/wiki/Fasciolose,Fasciolose,vomissement
https://fr.wikipedia.org/wiki/Maladie_%C3%A0_virus_Zika,Maladie à virus Zika,fièvre
https://fr.wikipedia.org/wiki/Ehrlichiose,Ehrlichiose,fièvre
https://fr.wikipedia.org/wiki/Syndrome_pulmonaire_%C3%A0_Hantavirus,Syndrome pulmonaire à Hantavirus,fièvre
https://fr.wikipedia.org/wiki/Yersiniose,Yersiniose,fièvre
https://fr.wikipedia.org/wiki/Fi%C3%A8vre_h%C3%A9morragique_d%27Argentine,Fièvre hémorragique d'Argentine,fièvre
https://fr.wikipedia.org/wiki/Fi%C3%A8vre_typho%C3%AFde,Fièvre typhoïde,Splénomégalie
https://fr.wikivoyage.org/wiki/Typho%C3%AFde,Typhoïde,Splénomégalie
https://fr.wikipedia.org/wiki/Maladie_de_Huntington,Maladie de Huntington,démence
https://fr.wikipedia.org/wiki/Lupus_%C3%A9ryth%C3%A9mateux,Lupus érythémateux,tuméfaction
https://fr.wikipedia.org/wiki/Coqueluche,Coqueluche,vomissement
https://fr.wikipedia.org/wiki/Fi%C3%A8vre_du_Nil_occidental,Fièvre du Nil occidental,fièvre
https://fr.wikipedia.org/wiki/Infection_%C3%A0_virus_Nipah,Infection à virus Nipah,fièvre
https://fr.wikipedia.org/wiki/Bl%C3%A9pharite,Blépharite,inflammation
https://fr.wikipedia.org/wiki/Maladie_de_Beh%C3%A7et,Maladie de Behçet,pleurésie
https://fr.wikipedia.org/wiki/Maladie_de_Beh%C3%A7et,Maladie de Behçet,acné
https://fr.wikipedia.org/wiki/Maladie_de_Lyme,Maladie de Lyme,méningite
https://fr.wikivoyage.org/wiki/Maladie_de_Lyme,Maladie de Lyme,méningite
https://fr.wikipedia.org/wiki/Rhinite,Rhinite,rhinorrhée
https://fr.wikipedia.org/wiki/Diab%C3%A8te_de_type_1,Diabète de type 1,polyurie
https://fr.wikipedia.org/wiki/Yersiniose,Yersiniose,diarrhée
https://fr.wikipedia.org/wiki/H%C3%A9patite_C,Hépatite C,vomissement
https://fr.wikipedia.org/wiki/Syndrome_de_Pearson,Syndrome de Pearson,diarrhée
https://fr.wikipedia.org/wiki/H%C3%A9patite_C,Hépatite C,ictère
https://fr.wikipedia.org/wiki/Hyperandrog%C3%A9nie,Hyperandrogénie,acné
https://fr.wikipedia.org/wiki/CADASIL,CADASIL,démence
https://fr.wikipedia.org/wiki/D%C3%A9mence_%C3%A0_corps_de_Lewy,Démence à corps de Lewy,démence
https://fr.wikipedia.org/wiki/Leucodystrophie_m%C3%A9tachromatique,Leucodystrophie métachromatique,démence
https://fr.wikipedia.org/wiki/Ad%C3%A9nome,Adénome,inflammation
https://fr.wikipedia.org/wiki/Intol%C3%A9rance_au_lactose,Intolérance au lactose,vomissement
https://fr.wikipedia.org/wiki/Hypertension_portale,Hypertension portale,Splénomégalie
https://fr.wikipedia.org/wiki/Goutte_(maladie),Goutte (maladie),érythème
https://fr.wikipedia.org/wiki/Trouble_de_la_personnalit%C3%A9_borderline,Trouble de la personnalité borderline,colère
https://fr.wikipedia.org/wiki/Maladie_de_Griscelli,Maladie de Griscelli,albinisme
https://fr.wikipedia.org/wiki/Gastropar%C3%A9sie,Gastroparésie,vomissement
https://fr.wikipedia.org/wiki/An%C3%A9vrisme_intracr%C3%A2nien,Anévrisme intracrânien,vomissement
https://fr.wikipedia.org/wiki/Chol%C3%A9ra,Choléra,oligurie
https://fr.wikivoyage.org/wiki/Chol%C3%A9ra,Choléra,oligurie
https://fr.wikipedia.org/wiki/Chol%C3%A9ra,Choléra,hypovolémie
https://fr.wikivoyage.org/wiki/Chol%C3%A9ra,Choléra,hypovolémie
https://fr.wikipedia.org/wiki/Cardiomyopathie_hypertrophique,Cardiomyopathie hypertrophique,douleur
https://fr.wikipedia.org/wiki/Canal_lombaire_%C3%A9troit,Canal lombaire étroit,douleur
https://fr.wikipedia.org/wiki/Loase,Loase,douleur
https://fr.wikipedia.org/wiki/Enc%C3%A9phalite_%C3%A0_tiques,Encéphalite à tiques,vomissement
https://fr.wikipedia.org/wiki/Salmonellose,Salmonellose,vomissement
https://fr.wikivoyage.org/wiki/Salmonellose,Salmonellose,vomissement
https://fr.wikipedia.org/wiki/Dipht%C3%A9rie,Diphtérie,neuropathie périphérique
https://fr.wikipedia.org/wiki/Dipht%C3%A9rie,Diphtérie,mal de gorge
https://fr.wikipedia.org/wiki/Leptospirose,Leptospirose,empoisonnement
https://fr.wikipedia.org/wiki/Fi%C3%A8vre_jaune,Fièvre jaune,vomissement
https://fr.wikivoyage.org/wiki/Fi%C3%A8vre_jaune,Fièvre jaune,vomissement
https://fr.wikipedia.org/wiki/Cryptosporidiose,Cryptosporidiose,vomissement
https://fr.wikipedia.org/wiki/N%C3%A9vrite_vestibulaire,Névrite vestibulaire,vomissement
https://fr.wikipedia.org/wiki/Paludisme,Paludisme,Splénomégalie
https://fr.wikivoyage.org/wiki/Malaria,Malaria,Splénomégalie
https://fr.wikipedia.org/wiki/N%C3%A9phrite_(m%C3%A9decine),Néphrite (médecine),oligurie
https://fr.wikipedia.org/wiki/Art%C3%A9riopathie_oblit%C3%A9rante_des_membres_inf%C3%A9rieurs,Artériopathie oblitérante des membres inférieurs,claudication intermittente
https://fr.wikipedia.org/wiki/Coqueluche,Coqueluche,rhinorrhée
https://fr.wikipedia.org/wiki/Gastro-ent%C3%A9rite,Gastro-entérite,vomissement
https://fr.wikipedia.org/wiki/Intoxication_au_mercure,Intoxication au mercure,hypertension artérielle
https://fr.wikipedia.org/wiki/Intoxication_au_mercure,Intoxication au mercure,irritation
https://fr.wikipedia.org/wiki/Dracunculose,Dracunculose,vomissement
https://fr.wikinews.org/wiki/Cat%C3%A9gorie:Paludisme,Catégorie:Paludisme,Splénomégalie
https://fr.wikipedia.org/wiki/Variole,Variole,pustule
https://fr.wikipedia.org/wiki/Botulisme,Botulisme,mydriase
https://fr.wikipedia.org/wiki/Botulisme,Botulisme,xérostomie
https://fr.wikipedia.org/wiki/Accident_de_d%C3%A9compression,Accident de décompression,douleur
https://fr.wikipedia.org/wiki/Brucellose,Brucellose,Splénomégalie
https://fr.wikipedia.org/wiki/Rub%C3%A9ole,Rubéole,mal de gorge
https://fr.wikipedia.org/wiki/Intoxication_au_mercure,Intoxication au mercure,œdème aigu du poumon
https://fr.wikipedia.org/wiki/Intoxication_au_mercure,Intoxication au mercure,stomatite
https://fr.wikipedia.org/wiki/D%C3%A9mence_vasculaire,Démence vasculaire,démence
https://fr.wikipedia.org/wiki/Colite_pseudomembraneuse,Colite pseudomembraneuse,vomissement
https://fr.wikipedia.org/wiki/Intoxication_au_mercure,Intoxication au mercure,néphropathie
https://fr.wikipedia.org/wiki/Fibromyalgie,Fibromyalgie,douleur chronique
https://fr.wikipedia.org/wiki/Hyperspl%C3%A9nisme,Hypersplénisme,Splénomégalie
https://fr.wikipedia.org/wiki/Cancer_du_pancr%C3%A9as,Cancer du pancréas,ictère
https://fr.wikipedia.org/wiki/Maladie_de_Fabry,Maladie de Fabry,neuropathie périphérique
https://fr.wikipedia.org/wiki/Syndrome_de_Korsakoff,Syndrome de Korsakoff,confabulation
https://fr.wikipedia.org/wiki/Myotonie_cong%C3%A9nitale,Myotonie congénitale,myotonie
https://fr.wikipedia.org/wiki/Campylobact%C3%A9riose,Campylobactériose,sang dans les selles
https://fr.wikipedia.org/wiki/Rage_(maladie),Rage (maladie),mydriase
https://fr.wikivoyage.org/wiki/Rage,Rage,mydriase
https://fr.wikipedia.org/wiki/Maladie_de_Chagas,Maladie de Chagas,Splénomégalie
https://fr.wikivoyage.org/wiki/Maladie_de_Chagas,Maladie de Chagas,Splénomégalie
https://fr.wikipedia.org/wiki/Polymyosite,Polymyosite,érythème
https://fr.wikipedia.org/wiki/Algie_vasculaire_de_la_face,Algie vasculaire de la face,rhinorrhée
https://fr.wikipedia.org/wiki/Ulc%C3%A8re_gastro-duod%C3%A9nal,Ulcère gastro-duodénal,melæna
https://fr.wikipedia.org/wiki/Rougeole,Rougeole,rhinorrhée
https://fr.wikipedia.org/wiki/Cardiomyopathie_hypertrophique,Cardiomyopathie hypertrophique,œdème
https://fr.wikipedia.org/wiki/Maladie_de_Parkinson,Maladie de Parkinson,hypokinésie
https://fr.wikipedia.org/wiki/Colite_pseudomembraneuse,Colite pseudomembraneuse,ictère
https://fr.wikipedia.org/wiki/Angiocholite,Angiocholite,ictère
https://fr.wikipedia.org/wiki/Purpura_rhumato%C3%AFde,Purpura rhumatoïde,purpura
https://fr.wikipedia.org/wiki/Paratypho%C3%AFde,Paratyphoïde,Splénomégalie
https://fr.wikipedia.org/wiki/Diverticulite_du_sigmo%C3%AFde,Diverticulite du sigmoïde,melæna
https://fr.wikipedia.org/wiki/Dystrophie_myotonique_de_Steinert,Dystrophie myotonique de Steinert,cataracte
https://fr.wikipedia.org/wiki/Leuc%C3%A9mie,Leucémie,douleur osseuse
https://fr.wikipedia.org/wiki/Trichinose,Trichinose,œdème
https://fr.wikipedia.org/wiki/Cancer_du_foie,Cancer du foie,ictère
https://fr.wikipedia.org/wiki/Fasciolose,Fasciolose,ictère
https://fr.wikipedia.org/wiki/Narcolepsie,Narcolepsie,Cataplexie
https://fr.wikipedia.org/wiki/Syndrome_de_Kallmann,Syndrome de Kallmann,hypogonadisme
https://fr.wikipedia.org/wiki/M%C3%A9soth%C3%A9liome,Mésothéliome,épanchement pleural
https://fr.wikipedia.org/wiki/L%C3%A8pre,Lèpre,hypoesthésie
https://fr.wikipedia.org/wiki/Exanth%C3%A8me_subit,Exanthème subit,convulsion hyperthermique
https://fr.wikipedia.org/wiki/D%C3%A9mence_%C3%A0_corps_de_Lewy,Démence à corps de Lewy,hallucination
https://fr.wikipedia.org/wiki/Carcinome_h%C3%A9patocellulaire,Carcinome hépatocellulaire,ictère
https://fr.wikipedia.org/wiki/Cryptosporidiose,Cryptosporidiose,ictère
https://fr.wikipedia.org/wiki/Syndrome_de_Klinefelter,Syndrome de Klinefelter,hypogonadisme
https://fr.wikipedia.org/wiki/Maladie_de_Huntington,Maladie de Huntington,chorée
https://fr.wikipedia.org/wiki/Syndrome_de_Felty,Syndrome de Felty,Splénomégalie
https://fr.wikipedia.org/wiki/Balantidiase,Balantidiase,sang dans les selles
https://fr.wikipedia.org/wiki/Syndrome_de_Balint,Syndrome de Balint,simultagnosie
https://fr.wikipedia.org/wiki/Syndrome_de_Balint,Syndrome de Balint,apraxie oculo-motrice
https://fr.wikipedia.org/wiki/Syndrome_de_Balint,Syndrome de Balint,ataxie optique
https://fr.wikipedia.org/wiki/Trouble_bipolaire,Trouble bipolaire,insomnie
https://fr.wikiversity.org/wiki/Trouble_bipolaire,Trouble bipolaire,insomnie
https://fr.wikipedia.org/wiki/Rage_(maladie),Rage (maladie),insomnie
https://fr.wikivoyage.org/wiki/Rage,Rage,insomnie
https://fr.wikipedia.org/wiki/H%C3%A9b%C3%A9phr%C3%A9no-catatonie,Hébéphréno-catatonie,catalepsie
https://fr.wikipedia.org/wiki/An%C3%A9vrisme_intracr%C3%A2nien,Anévrisme intracrânien,neuropathie périphérique
https://fr.wikipedia.org/wiki/Syndrome_de_Gerstmann,Syndrome de Gerstmann,agnosie digitale
https://fr.wikipedia.org/wiki/Syndrome_du_QT_court,Syndrome du QT court,palpitation
https://fr.wikipedia.org/wiki/Rhinite,Rhinite,congestion nasale
https://fr.wikipedia.org/wiki/Peste,Peste,bubon
https://fr.wikipedia.org/wiki/Infirmit%C3%A9_motrice_c%C3%A9r%C3%A9brale,Infirmité motrice cérébrale,équinisme
https://fr.wikipedia.org/wiki/Infirmit%C3%A9_motrice_c%C3%A9r%C3%A9brale,Infirmité motrice cérébrale,trouble de la parole
https://fr.wikipedia.org/wiki/Rage_(maladie),Rage (maladie),frissonnement
https://fr.wikivoyage.org/wiki/Rage,Rage,frissonnement
https://fr.wikipedia.org/wiki/Rage_(maladie),Rage (maladie),phonophobie
https://fr.wikivoyage.org/wiki/Rage,Rage,phonophobie
https://fr.wikipedia.org/wiki/Rage_(maladie),Rage (maladie),Labilité
https://fr.wikivoyage.org/wiki/Rage,Rage,Labilité
https://fr.wikipedia.org/wiki/Oreillons,Oreillons,malaise
https://fr.wikipedia.org/wiki/Hypersomnolence,Hypersomnolence,somnolence
https://fr.wikipedia.org/wiki/Diab%C3%A8te_de_type_2,Diabète de type 2,polyurie
https://fr.wikipedia.org/wiki/Brucellose,Brucellose,névrite
https://fr.wikipedia.org/wiki/Zona,Zona,névralgie post-herpétique
https://fr.wikipedia.org/wiki/Zona,Zona,frissonnement
https://fr.wikipedia.org/wiki/Rougeole,Rougeole,Signe de Köplik
https://fr.wikipedia.org/wiki/Cancer_du_pancr%C3%A9as,Cancer du pancréas,pancréatite aiguë
https://fr.wikipedia.org/wiki/Infection_urinaire,Infection urinaire,dysurie
https://fr.wikipedia.org/wiki/Maladie_de_Lyme,Maladie de Lyme,érythème chronique migrant
https://fr.wikivoyage.org/wiki/Maladie_de_Lyme,Maladie de Lyme,érythème chronique migrant
https://fr.wikipedia.org/wiki/Maladie_de_Lyme,Maladie de Lyme,névrite
https://fr.wikivoyage.org/wiki/Maladie_de_Lyme,Maladie de Lyme,névrite
https://fr.wikipedia.org/wiki/Maladie_de_Lyme,Maladie de Lyme,méningoencéphalite
https://fr.wikivoyage.org/wiki/Maladie_de_Lyme,Maladie de Lyme,méningoencéphalite
https://fr.wikipedia.org/wiki/Enc%C3%A9phalite_%C3%A0_tiques,Encéphalite à tiques,somnolence
https://fr.wikipedia.org/wiki/Leuc%C3%A9mie_aig%C3%BCe_my%C3%A9lo%C3%AFde,Leucémie aigüe myéloïde,Splénomégalie
https://fr.wikipedia.org/wiki/Syndrome_de_Gougerot-Sj%C3%B6gren,Syndrome de Gougerot-Sjögren,xérostomie
https://fr.wikipedia.org/wiki/An%C3%A9mie_microcytaire,Anémie microcytaire,microcytose
https://fr.wikipedia.org/wiki/Diab%C3%A8te_(syndrome),Diabète (syndrome),polyurie
https://fr.wikipedia.org/wiki/Paralysie_p%C3%A9riodique_hyperkali%C3%A9mique,Paralysie périodique hyperkaliémique,myotonie
https://fr.wikipedia.org/wiki/Fi%C3%A8vre_Q,Fièvre Q,frissonnement
https://fr.wikipedia.org/wiki/Conjonctivite,Conjonctivite,yeux rouges
https://fr.wikipedia.org/wiki/Algie_vasculaire_de_la_face,Algie vasculaire de la face,yeux rouges
https://fr.wikipedia.org/wiki/Fi%C3%A8vre_typho%C3%AFde,Fièvre typhoïde,insomnie
https://fr.wikivoyage.org/wiki/Typho%C3%AFde,Typhoïde,insomnie
https://fr.wikipedia.org/wiki/Fi%C3%A8vre_typho%C3%AFde,Fièvre typhoïde,distension abdominale
https://fr.wikivoyage.org/wiki/Typho%C3%AFde,Typhoïde,distension abdominale
https://fr.wikipedia.org/wiki/Fi%C3%A8vre_typho%C3%AFde,Fièvre typhoïde,pâleur
https://fr.wikivoyage.org/wiki/Typho%C3%AFde,Typhoïde,pâleur
https://fr.wikipedia.org/wiki/Syndrome_de_Timothy,Syndrome de Timothy,cardiopathie congénitale
https://fr.wikipedia.org/wiki/Syndrome_de_Pearson,Syndrome de Pearson,insuffisance hépato-cellulaire
https://fr.wikipedia.org/wiki/Ath%C3%A9roscl%C3%A9rose,Athérosclérose,athérome
https://fr.wikipedia.org/wiki/Maladie_du_sommeil,Maladie du sommeil,signe de Winterbottom
https://fr.wikivoyage.org/wiki/Maladie_du_sommeil,Maladie du sommeil,signe de Winterbottom
https://fr.wikipedia.org/wiki/Maladie_du_sommeil,Maladie du sommeil,malaise
https://fr.wikivoyage.org/wiki/Maladie_du_sommeil,Maladie du sommeil,malaise
https://fr.wikipedia.org/wiki/Maladie_de_Fabry,Maladie de Fabry,angiokératome
https://fr.wikipedia.org/wiki/Maladie_de_Fabry,Maladie de Fabry,cardiomyopathie restrictive
https://fr.wikipedia.org/wiki/Angiocholite,Angiocholite,frissonnement
https://fr.wikipedia.org/wiki/Maladie_de_Fabry,Maladie de Fabry,cornée verticillée
https://fr.wikipedia.org/wiki/D%C3%A9ficience_NGLY1,Déficience NGLY1,neuropathie périphérique
https://fr.wikipedia.org/wiki/D%C3%A9ficience_NGLY1,Déficience NGLY1,Coxa valga
https://fr.wikipedia.org/wiki/Infection_%C3%A0_virus_Nipah,Infection à virus Nipah,somnolence
https://fr.wikipedia.org/wiki/D%C3%A9ficience_NGLY1,Déficience NGLY1,Splénomégalie
https://fr.wikipedia.org/wiki/Aphantasie,Aphantasie,Ex nihilo
https://fr.wikipedia.org/wiki/D%C3%A9ficience_NGLY1,Déficience NGLY1,néovascularisation cornéenne
https://fr.wikipedia.org/wiki/D%C3%A9ficience_NGLY1,Déficience NGLY1,trouble de la parole
https://fr.wikipedia.org/wiki/H%C3%A9patite_C,Hépatite C,cirrhose
https://fr.wikipedia.org/wiki/Maladie_de_Chagas,Maladie de Chagas,mégacolon
https://fr.wikivoyage.org/wiki/Maladie_de_Chagas,Maladie de Chagas,mégacolon
https://fr.wikipedia.org/wiki/Syndrome_de_Korsakoff,Syndrome de Korsakoff,Cryptomnésie
https://fr.wikipedia.org/wiki/Syndrome_de_Marfan,Syndrome de Marfan,ectopie du cristallin
https://fr.wikipedia.org/wiki/Syndrome_de_fatigue_chronique,Syndrome de fatigue chronique,frissonnement
https://fr.wikipedia.org/wiki/Syndrome_d%27hyperphagie_incontr%C3%B4l%C3%A9e,Syndrome d'hyperphagie incontrôlée,syndrome d'hyperphagie compulsive
https://fr.wikipedia.org/wiki/Intol%C3%A9rance_au_lactose,Intolérance au lactose,borborygme
https://fr.wikipedia.org/wiki/Salmonellose,Salmonellose,frissonnement
https://fr.wikivoyage.org/wiki/Salmonellose,Salmonellose,frissonnement
https://fr.wikipedia.org/wiki/Maladie_de_Willebrand,Maladie de Willebrand,Hémarthrose
https://fr.wikipedia.org/wiki/Paratypho%C3%AFde,Paratyphoïde,pharyngite
https://fr.wikipedia.org/wiki/Maladie_de_Willebrand,Maladie de Willebrand,hémorragie interne
https://fr.wikipedia.org/wiki/Maladie_de_Beh%C3%A7et,Maladie de Behçet,méningoencéphalite
https://fr.wikipedia.org/wiki/Shigellose,Shigellose,frissonnement
https://fr.wikipedia.org/wiki/Intoxication_au_mercure,Intoxication au mercure,altération visuelle
https://fr.wikipedia.org/wiki/Intoxication_au_mercure,Intoxication au mercure,crampe abdominale
https://fr.wikipedia.org/wiki/Intoxication_au_mercure,Intoxication au mercure,dermatite irritative
https://fr.wikipedia.org/wiki/Intoxication_au_mercure,Intoxication au mercure,insomnie
https://fr.wikipedia.org/wiki/Spina_bifida,Spina bifida,asymptomatique
https://fr.wikipedia.org/wiki/Enc%C3%A9phalite_japonaise,Encéphalite japonaise,frissonnement
https://fr.wikivoyage.org/wiki/Enc%C3%A9phalite_japonaise,Encéphalite japonaise,frissonnement
https://fr.wikipedia.org/wiki/Fibromyalgie,Fibromyalgie,allodynie
https://fr.wikipedia.org/wiki/Dirofilariose,Dirofilariose,frissonnement
https://fr.wikipedia.org/wiki/H%C3%A9b%C3%A9phr%C3%A9no-catatonie,Hébéphréno-catatonie,négativisme
https://fr.wikipedia.org/wiki/Dystrophie_facio-scapulo-hum%C3%A9rale,Dystrophie facio-scapulo-humérale,pied tombant
https://fr.wikipedia.org/wiki/Syndrome_de_la_queue_de_cheval,Syndrome de la queue de cheval,anesthésie en selle
https://fr.wikipedia.org/wiki/Dystrophie_facio-scapulo-hum%C3%A9rale,Dystrophie facio-scapulo-humérale,scapula ailée
https://fr.wikipedia.org/wiki/Hyperthermie_maligne,Hyperthermie maligne,Myoglobinurie
https://fr.wikipedia.org/wiki/Canal_lombaire_%C3%A9troit,Canal lombaire étroit,membres engourdis
https://fr.wikipedia.org/wiki/Myopathie_de_Duchenne,Myopathie de Duchenne,amyotrophie
https://fr.wikipedia.org/wiki/Dystrophie_musculaire_des_ceintures,Dystrophie musculaire des ceintures,amyotrophie
https://fr.wikipedia.org/wiki/Chlorose_(m%C3%A9decine),Chlorose (médecine),hypochromie
https://fr.wikipedia.org/wiki/Tumeur_neuroendocrinienne,Tumeur neuroendocrinienne,indigestion
https://fr.wikipedia.org/wiki/An%C3%A9mie_macrocytaire,Anémie macrocytaire,macrocytose
https://fr.wikipedia.org/wiki/Hypertrophie_musculaire_en_rapport_avec_un_trouble_de_la_myostatine,Hypertrophie musculaire en rapport avec un trouble de la myostatine,hypertrophie musculaire
https://fr.wikipedia.org/wiki/Trichoc%C3%A9phalose,Trichocéphalose,chlorose
https://fr.wikipedia.org/wiki/Fi%C3%A8vre_h%C3%A9morragique_d%27Argentine,Fièvre hémorragique d'Argentine,malaise
https://fr.wikipedia.org/wiki/D%C3%A9ficience_NGLY1,Déficience NGLY1,augmentation de transaminases
https://fr.wikipedia.org/wiki/D%C3%A9ficience_NGLY1,Déficience NGLY1,exotropie
https://fr.wikipedia.org/wiki/D%C3%A9ficience_NGLY1,Déficience NGLY1,trouble du mouvement
https://fr.wikipedia.org/wiki/D%C3%A9ficience_NGLY1,Déficience NGLY1,ésotropie
https://fr.wikipedia.org/wiki/D%C3%A9ficience_NGLY1,Déficience NGLY1,hypotonie musculaire
https://fr.wikipedia.org/wiki/D%C3%A9ficience_NGLY1,Déficience NGLY1,ictère néonatal
https://fr.wikipedia.org/wiki/D%C3%A9ficience_NGLY1,Déficience NGLY1,apraxie oculo-motrice
https://fr.wikipedia.org/wiki/Syndrome_de_Trousseau,Syndrome de Trousseau,phlébite migratrice
https://fr.wikipedia.org/wiki/Pentalogie_de_Cantrell,Pentalogie de Cantrell,hernie diaphragmatique
https://fr.wikipedia.org/wiki/Syndrome_pulmonaire_%C3%A0_Hantavirus,Syndrome pulmonaire à Hantavirus,frissonnement
